level_0,index,Peptide,Quality,Significance (-10lgP),m/z,RT range,z,Avg. Area,BRAIN_N01_pos m/z,BRAIN_N01_pos RT mean,BRAIN_N01_pos Normalized Area,BRAIN_P10_pos m/z,BRAIN_P10_pos RT mean,BRAIN_P10_pos Normalized Area,BRAIN_P01_pos m/z,BRAIN_P01_pos RT mean,BRAIN_P01_pos Normalized Area,BRAIN_N50_pos m/z,BRAIN_N50_pos RT mean,BRAIN_N50_pos Normalized Area,Sample Profile (Ratio),control Normalized Area,protein Normalized Area,Group Profile (Ratio),RT mean,Accession,PTM,Ratio N50/P01,[M+H]+,[M+Na]+,[M+NH4]+
0,0,,0.71,0.02,492.4404,8.38 - 13.57,1,5600000,492.4402,8.56,5600000,492.4407,8.55,5560000,-0,-0,-0,492.4403,8.57,5620000,1.00:0.99:-:1.00,5600000,5590000,1.00:1.00,8.56,,,#VALUE!,[],['Ceramide (d29:0)'],[]
1,1,,0.78,5.07,338.3411,3.46 - 8.55,1,2300000,338.3411,3.51,2720000,338.3412,3.55,1420000,-0,-0,-0,338.3411,3.54,2840000,1.00:0.52:-:1.04,2720000,2130000,1.00:0.78,3.53,,,#VALUE!,[],[],[]
2,2,,0.24,18.72,1129.3146,15.83 - 18.33,1,880000,-0,-0,0,1129.3145,15.89,1050000,-0,-0,0,1129.3147,15.92,2480000,0:1.00:0:2.35,0,1180000,00:01.0,15.9,,,#DIV/0!,[],[],[]
3,3,,0.5,1.02,1205.3322,16.19 - 18.37,1,430000,1205.3315,16.24,497000,1205.3329,16.23,294000,-0,-0,-0,1205.3323,16.25,489000,1.00:0.59:-:0.98,497000,391000,1.00:0.79,16.24,,,#VALUE!,[],[],[]
4,4,,0.21,9.94,1206.3312,16.19 - 16.48,1,160000,-0,-0,0,1206.3313,16.23,225000,-0,-0,0,1206.3312,16.25,426000,0:1.00:0:1.90,0,217000,00:01.0,16.24,,,#DIV/0!,[],[],[]
5,5,,0.21,0.04,529.4609,14.22 - 20.19,1,350000,529.4609,17.17,354000,529.4609,17.38,352000,-0,-0,-0,529.4609,17.26,340000,1.00:0.99:-:0.96,354000,346000,1.00:0.98,17.27,,,#VALUE!,[],[],[]
6,6,,0.38,19.21,1426.8879,18.49 - 18.58,1,29000,-0,-0,0,-0,-0,0,-0,-0,0,1426.8879,18.49,115000,0:0:0:1.00,0,38200,00:01.0,18.49,,,#DIV/0!,['Ganglioside GM2 (d39:1)'],[],[]
7,7,,0.23,0.99,463.3525,14.31 - 20.17,1,160000,463.3521,18.67,188000,463.3522,18.6,172000,-0,-0,-0,463.353,19.13,109000,1.00:0.92:-:0.58,188000,141000,1.00:0.75,18.8,,,#VALUE!,[],['triacontahexaenoate'],[]
8,8,,0.36,0.49,681.42,13.08 - 16.41,1,120000,681.4207,14.47,128000,681.4196,13.89,129000,-0,-0,-0,681.4199,13.73,94600,1.00:1.01:-:0.74,128000,112000,1.00:0.88,14.03,,,#VALUE!,[],[],[]
9,9,,0.27,16.68,1314.3619,18.41 - 18.49,1,17000,-0,-0,0,-0,-0,0,-0,-0,0,1314.3619,18.41,66700,0:0:0:1.00,0,22200,00:01.0,18.41,,,#DIV/0!,[],[],[]
10,10,,0.2,8.81,1351.8702,18.45 - 18.54,1,12000,-0,-0,0,-0,-0,0,-0,-0,0,1351.8702,18.45,49100,0:0:0:1.00,0,16400,00:01.0,18.45,,,#DIV/0!,[],[],[]
11,11,,0.28,0.41,1368.3813,14.67 - 14.98,1,22000,1368.3834,14.73,20500,1368.3796,14.75,10400,-0,-0,-0,1368.3809,14.73,36200,1.00:0.51:-:1.77,20500,23300,1.00:1.14,14.74,,,#VALUE!,[],[],[]
12,12,,0.23,2.97,377.3089,17.08 - 20.39,1,39000,377.3102,17.62,61200,377.3079,18.78,21200,-0,-0,-0,377.3085,18.37,35500,1.00:0.35:-:0.58,61200,28400,1.00:0.46,18.26,,,#VALUE!,[],[],[]
13,13,,0.32,1.84,1442.3979,15.11 - 15.37,1,21000,1442.3998,15.19,15400,1442.3937,15.18,13700,-0,-0,-0,1442.4004,15.2,34700,1.00:0.89:-:2.25,15400,24200,1.00:1.57,15.19,,,#VALUE!,[],[],[]
14,14,,0.36,2.34,986.2728,14.88 - 15.56,1,20000,986.2747,14.98,13100,986.2717,14.97,14900,-0,-0,-0,986.2722,14.99,32400,1.00:1.14:-:2.46,13100,23700,1.00:1.80,14.98,,,#VALUE!,[],[],[]
15,15,,0.33,1.77,1294.364,14.03 - 14.37,1,17000,1294.3665,14.09,12600,1294.3613,14.12,12300,-0,-0,-0,1294.3641,14.1,26900,1.00:0.97:-:2.14,12600,19600,1.00:1.55,14.1,,,#VALUE!,[],[],[]
16,16,,0.35,3.18,1296.3609,14.06 - 14.35,1,17000,1296.3588,14.09,10200,1296.3625,14.12,14200,-0,-0,-0,1296.3613,14.1,26600,1.00:1.39:-:2.60,10200,20400,1.00:1.99,14.11,,,#VALUE!,[],[],[]
17,17,,0.2,0.14,1516.4135,15.48 - 15.71,1,8100,1516.4117,15.53,7660,-0,-0,0,-0,-0,0,1516.4153,15.54,24700,1.00:0:0:3.23,7660,8250,1.00:1.08,15.53,,,#DIV/0!,[],[],[]
18,18,,0.35,4.11,608.4735,3.19 - 3.69,1,12000,608.4741,3.29,6210,608.4731,3.28,6400,-0,-0,-0,608.4734,3.27,22500,1.00:1.03:-:3.63,6210,14500,1.00:2.33,3.28,,,#VALUE!,"['Lysophosphatidylcholine (24:0)' 'Phosphatidylcholine (O-24:0)'
 'Phosphatidylethanolamine (O-27:0)']",[],"['Phosphatidate (O-29:1)' 'Sphingomyelin (d26:1)'
 'Ceramide phosphoethanolamine (d29:1)']"
19,19,,0.47,1.65,684.5766,9.66 - 11.07,1,12000,684.5756,10.9,8410,684.5755,10.49,18000,-0,-0,0,684.5786,10.84,19600,1.00:2.14:0:2.33,8410,12500,1.00:1.49,10.74,,,#DIV/0!,[],[],[]
20,20,,0.3,2.03,628.1937,11.68 - 15.52,1,23000,628.1934,12.4,15600,628.1944,13.1,33300,-0,-0,-0,628.1934,13.2,18800,1.00:2.14:-:1.21,15600,26100,1.00:1.67,12.9,,,#VALUE!,[],[],[]
21,21,,0.3,7.54,878.8161,17.21 - 17.54,1,34000,878.8154,17.33,69600,878.8177,17.37,13400,-0,-0,-0,878.815,17.36,18300,1.00:0.19:-:0.26,69600,15900,1.00:0.23,17.35,,,#VALUE!,[],[],['Triacylglycerol (52:1)']
22,22,,0.34,0.92,901.53,9.39 - 10.36,1,15000,901.5277,9.47,12500,901.5314,9.47,13200,-0,-0,-0,901.531,9.49,18200,1.00:1.06:-:1.45,12500,15700,1.00:1.26,9.48,,,#VALUE!,[],['Ganglioside GM4 (d26:1)'],[]
23,23,,0.42,0.04,482.4928,4.40 - 4.95,1,16000,482.4927,4.49,16000,482.493,4.48,14500,-0,-0,-0,482.4927,4.51,17000,1.00:0.91:-:1.06,16000,15800,1.00:0.98,4.49,,,#VALUE!,[],[],[]
24,24,,0.38,2.05,732.243,4.69 - 5.00,1,10000,732.2431,4.71,6790,732.2432,4.7,7510,-0,-0,-0,732.2429,4.73,15900,1.00:1.11:-:2.33,6790,11700,1.00:1.72,4.71,,,#VALUE!,[],[],[]
25,25,,0.29,19.91,696.5252,3.06 - 3.41,1,3900,-0,-0,0,696.5256,3.19,3100,-0,-0,0,696.5249,3.23,12400,0:1.00:0:3.98,0,5150,00:01.0,3.21,,,#DIV/0!,['Ceramide phosphate (d40:4)'],['Ceramide phosphate (d38:1)'],[]
26,26,,0.33,0.06,407.3351,16.57 - 17.23,1,9800,407.335,16.79,9920,407.3351,16.95,7320,-0,-0,-0,407.3351,17.16,12200,1.00:0.74:-:1.23,9920,9750,1.00:0.98,16.97,,,#VALUE!,[],[],[]
27,27,,0.23,3.08,264.1696,0.13 - 3.37,1,14000,264.17,1.81,22000,264.1695,2.81,6850,-0,-0,-0,264.1692,1.86,11900,1.00:0.31:-:0.54,22000,9350,1.00:0.43,2.16,,,#VALUE!,[],[],[]
28,28,,0.23,15.93,1361.3737,17.82 - 17.95,1,2800,-0,-0,0,-0,-0,0,-0,-0,0,1361.3737,17.82,11300,0:0:0:1.00,0,3750,00:01.0,17.82,,,#DIV/0!,[],[],[]
29,29,,0.34,0.87,855.7394,16.85 - 17.32,1,10000,855.7391,17.08,11700,855.7402,17.07,8330,-0,-0,-0,855.7387,17.06,10500,1.00:0.71:-:0.90,11700,9430,1.00:0.80,17.07,,,#VALUE!,['Triacylglycerol (52:4)'],['Triacylglycerol (50:1)'],['Hexosyl ceramide (d44:2)']
30,30,,0.21,9.6,1539.4158,18.41 - 18.66,1,2400,-0,-0,0,-0,-0,0,-0,-0,0,1539.4158,18.58,9580,0:0:0:1.00,0,3190,00:01.0,18.58,,,#DIV/0!,[],[],[]
31,31,,0.35,1.14,552.4264,4.38 - 5.32,1,7900,552.4268,4.8,6420,552.4263,4.74,7580,-0,-0,-0,552.426,4.78,9570,1.00:1.18:-:1.49,6420,8580,1.00:1.33,4.77,,,#VALUE!,[],[],[]
32,32,,0.29,0.99,280.2374,14.52 - 15.09,1,6200,280.2374,14.72,5110,280.2368,14.9,4100,-0,-0,-0,280.238,14.63,9440,1.00:0.80:-:1.85,5110,6770,1.00:1.32,14.75,,,#VALUE!,[],[],[]
33,33,,0.28,3.49,864.8005,16.94 - 17.32,1,4200,864.8002,17.18,7520,-0,-0,0,-0,-0,0,864.8009,17.15,9390,1.00:0:0:1.25,7520,3130,1.00:0.42,17.16,,,#DIV/0!,[],[],['Triacylglycerol (51:1)']
34,34,,0.26,6.64,280.2376,12.86 - 13.93,1,5500,280.2374,12.91,1680,280.2374,13.23,5680,-0,-0,-0,280.238,13.59,9220,1.00:3.38:-:5.48,1680,7450,1.00:4.43,13.24,,,#VALUE!,[],[],[]
35,35,,0.23,16.42,954.7716,16.59 - 16.68,1,2100,-0,-0,0,-0,-0,0,-0,-0,0,954.7716,16.64,8560,0:0:0:1.00,0,2850,00:01.0,16.64,,,#DIV/0!,['Hexosyl ceramide (d53:7)'],[],[]
36,36,,0.35,1.62,799.6781,16.28 - 16.61,1,8800,799.6791,16.41,11200,799.6785,16.44,7010,-0,-0,-0,799.6768,16.42,8100,1.00:0.63:-:0.72,11200,7550,1.00:0.68,16.42,,,#VALUE!,"['Triacylglycerol (48:4)' 'Sphingomyelin (d41:2)'
 'Ceramide phosphoethanolamine (d44:2)']",['Triacylglycerol (46:1)'],['Hexosyl ceramide (d40:2)']
37,37,,0.35,1.53,768.67,12.37 - 13.23,1,7300,768.6696,12.82,5620,768.6704,12.8,8570,-0,-0,-0,768.6699,12.79,7770,1.00:1.52:-:1.38,5620,8170,1.00:1.45,12.8,,,#VALUE!,[],[],[]
38,38,,0.21,10.16,804.71,16.81 - 17.19,1,1900,-0,-0,0,-0,-0,0,-0,-0,0,804.71,17.02,7760,0:0:0:1.00,0,2590,00:01.0,17.02,,,#DIV/0!,[],[],['Triacylglycerol (47:3)']
39,39,,0.29,2.49,566.427,11.43 - 12.95,1,9900,566.4266,12.44,14300,566.4273,12.42,7820,-0,-0,-0,566.4271,11.71,7460,1.00:0.55:-:0.52,14300,7640,1.00:0.54,12.19,,,#VALUE!,"['Lysophosphatidylcholine (21:0)' 'Lysophosphatidylethanolamine (24:0)'
 'Phosphatidylcholine (O-21:0)' 'Phosphatidylethanolamine (O-24:0)']",[],"['Lysophosphatidate (26:1)' 'Phosphatidate (O-26:1)'
 'Sphingomyelin (d23:1)' 'Ceramide phosphoethanolamine (d26:1)']"
40,40,,0.23,0.11,407.3355,14.10 - 14.98,1,2500,407.335,14.94,2400,-0,-0,0,-0,-0,0,407.3361,14.61,7460,1.00:0:0:3.11,2400,2490,1.00:1.04,14.77,,,#DIV/0!,[],[],[]
41,41,,0.37,0.24,462.3941,3.63 - 4.05,1,6400,462.3943,3.74,6050,462.394,3.72,5740,-0,-0,-0,462.3941,3.72,7320,1.00:0.95:-:1.21,6050,6530,1.00:1.08,3.73,,,#VALUE!,[],['Ceramide (d27:1)'],[]
42,42,,0.2,9.27,769.6719,16.85 - 17.53,1,1800,-0,-0,0,-0,-0,0,-0,-0,0,769.6719,17.24,7030,0:0:0:1.00,0,2340,00:01.0,17.24,,,#DIV/0!,['Monoalkyldiacylglycerol (O-47:5)'],['Monoalkyldiacylglycerol (O-45:2)'],[]
43,43,,0.34,0.11,590.5707,9.94 - 10.58,1,6400,590.571,10.16,6270,590.5698,10.17,5980,-0,-0,-0,590.5712,10.19,6960,1.00:0.95:-:1.11,6270,6470,1.00:1.03,10.17,,,#VALUE!,[],[],[]
44,44,,0.31,0.36,752.537,6.99 - 7.42,1,5600,752.5381,7.07,5190,752.5359,7.07,4850,-0,-0,-0,752.5372,7.08,6650,1.00:0.93:-:1.28,5190,5750,1.00:1.11,7.07,,,#VALUE!,[],[],['Phosphatidylglycerol (33:1)' 'Bismonoacylglycerolphosphate (33:1)']
45,45,,0.33,1.88,632.5039,10.07 - 10.71,1,5200,632.5036,10.17,3740,632.5038,10.17,5180,-0,-0,-0,632.5042,10.14,6600,1.00:1.38:-:1.76,3740,5890,1.00:1.57,10.16,,,#VALUE!,['Ceramide phosphate (d35:1)'],['Ceramide (d40:7)'],[]
46,46,,0.29,1.77,606.5663,7.90 - 9.21,1,7200,606.5654,8.08,5170,606.5667,8.08,10200,-0,-0,-0,606.5667,8.09,6300,1.00:1.98:-:1.22,5170,8260,1.00:1.60,8.08,,,#VALUE!,[],[],[]
47,47,,0.23,3.09,1363.8548,9.45 - 9.59,1,2400,1363.853,9.47,4080,-0,-0,0,-0,-0,0,1363.8566,9.49,5400,1.00:0:0:1.32,4080,1800,1.00:0.44,9.48,,,#DIV/0!,[],['Ganglioside GM3 (d48:5)'],[]
48,48,,0.32,0.66,913.8182,17.78 - 17.88,1,4700,913.8198,17.83,5300,913.8165,17.83,3780,-0,-0,-0,913.8184,17.82,5100,1.00:0.71:-:0.96,5300,4440,1.00:0.84,17.83,,,#VALUE!,['Triacylglycerol (56:3)'],['Triacylglycerol (54:0)'],['Hexosyl ceramide (d48:1)']
49,49,,0.22,14.83,507.4159,4.51 - 4.95,1,1200,-0,-0,0,-0,-0,0,-0,-0,0,507.4159,4.73,4920,0:0:0:1.00,0,1640,00:01.0,4.73,,,#DIV/0!,[],['Sterol ester (33:1)'],[]
50,50,,0.45,22.28,760.5835,8.47 - 9.26,1,1700000,760.5837,8.64,6800000,760.5845,8.64,61300,-0,-0,0,760.5823,8.71,4890,1.00:0.01:0:0.00,6800000,22100,1.00:0.00,8.66,,,#DIV/0!,['Phosphatidylcholine (34:1)' 'Phosphatidylethanolamine (37:1)'],[],['Phosphatidate (39:2)' 'Diacylglycerol (46:11)']
51,51,,0.36,0.17,769.75,15.98 - 16.19,1,5100,769.7501,16.07,5290,769.7495,16.06,5510,-0,-0,-0,769.7505,16.09,4520,1.00:1.04:-:0.85,5290,5010,1.00:0.95,16.08,,,#VALUE!,[],[],[]
52,52,,0.33,1.21,511.8483,20.26 - 20.51,1,6700,511.8485,20.39,8100,511.8481,20.36,7650,-0,-0,-0,511.8483,20.3,4240,1.00:0.94:-:0.52,8100,5950,1.00:0.73,20.35,,,#VALUE!,[],[],[]
53,53,,0.25,1.94,713.2354,20.82 - 21.99,1,3900,713.2365,21.5,2630,713.2349,21.79,5180,-0,-0,-0,713.2349,21.46,4020,1.00:1.97:-:1.53,2630,4600,1.00:1.75,21.58,,,#VALUE!,[],['Phosphatidylinositol monophosphate (18:2)'],[]
54,54,,0.32,0.37,939.5942,5.01 - 5.35,1,3500,939.5935,5.07,3230,939.5941,5.05,3250,-0,-0,-0,939.5951,5.09,3920,1.00:1.00:-:1.21,3230,3590,1.00:1.11,5.07,,,#VALUE!,['Phosphatidylinositol (42:6)' 'Dihexosyldiacylglycerol (36:5)'],['Phosphatidylinositol (40:3)' 'Dihexosyldiacylglycerol (34:2)'],[]
55,55,,0.2,8.96,1205.3137,14.78 - 15.07,1,978.4,-0,-0,0,-0,-0,0,-0,-0,0,1205.3137,14.98,3910,0:0:0:1.00,0,1300,00:01.0,14.98,,,#DIV/0!,[],[],[]
56,56,,0.21,1.78,934.6388,7.29 - 9.28,1,3600,934.6398,8.09,5580,934.6387,8.4,1490,-0,-0,-0,934.6379,9.09,3850,1.00:0.27:-:0.69,5580,2670,1.00:0.48,8.53,,,#VALUE!,['Phosphatidylcholine (48:12)'],['Phosphatidylcholine (46:9)'],['Phosphatidylinositol (40:3)' 'Dihexosyldiacylglycerol (34:2)']
57,57,,0.21,9.95,704.192,3.63 - 3.86,1,887.8,-0,-0,0,-0,-0,0,-0,-0,0,704.192,3.72,3550,0:0:0:1.00,0,1180,00:01.0,3.72,,,#DIV/0!,[],[],[]
58,58,,0.2,9.26,758.6498,4.03 - 4.12,1,779.8,-0,-0,0,-0,-0,0,-0,-0,0,758.6498,4.07,3120,0:0:0:1.00,0,1040,00:01.0,4.07,,,#DIV/0!,['Hexosyl ceramide (d38:0)' 'Ceramide phosphate (d44:1)'],['Ceramide (d49:7)'],[]
59,59,,0.3,1.11,816.2977,13.27 - 13.50,1,3500,816.297,13.37,4250,816.299,13.35,3300,-0,-0,-0,816.2972,13.36,2980,1.00:0.78:-:0.70,4250,3140,1.00:0.74,13.36,,,#VALUE!,[],[],[]
60,60,,0.3,0.23,650.593,7.55 - 7.86,1,2200,650.5925,7.64,2280,650.5943,7.64,1980,-0,-0,-0,650.5922,7.66,2280,1.00:0.87:-:1.00,2280,2130,1.00:0.93,7.65,,,#VALUE!,[],[],[]
61,61,,0.24,2.65,860.7693,16.66 - 16.99,1,4500,860.7693,16.75,6840,860.7712,16.78,4600,-0,-0,-0,860.7675,16.72,2150,1.00:0.67:-:0.31,6840,3370,1.00:0.49,16.75,,,#VALUE!,[],[],['Triacylglycerol (51:3)']
62,62,,0.3,0.18,757.8143,20.09 - 20.35,1,2100,757.8162,20.2,2140,757.8134,20.24,2050,-0,-0,-0,757.8134,20.22,2010,1.00:0.96:-:0.94,2140,2030,1.00:0.95,20.22,,,#VALUE!,[],[],[]
63,63,,0.32,0.25,686.5572,6.67 - 6.89,1,2500,686.5574,6.8,2650,686.5573,6.8,2950,-0,-0,-0,686.5571,6.78,2000,1.00:1.11:-:0.75,2650,2470,1.00:0.93,6.8,,,#VALUE!,['Hexosyl ceramide (d33:1)'],[],[]
64,64,,0.28,0.78,537.3457,21.41 - 21.99,1,1200,537.3453,21.77,1030,537.3459,21.91,915,-0,-0,-0,537.3459,21.71,1680,1.00:0.89:-:1.64,1030,1300,1.00:1.26,21.79,,,#VALUE!,['Phosphatidate (24:0)'],[],[]
65,65,,0.25,2.61,488.3932,11.91 - 13.16,1,3900,488.3928,12.61,5930,488.3929,12.46,4460,-0,-0,-0,488.3941,13,1310,1.00:0.75:-:0.22,5930,2880,1.00:0.49,12.69,,,#VALUE!,[],[],[]
66,66,,0.28,2.03,429.2396,1.54 - 8.95,1,640000,429.2398,3.91,949000,429.2394,3.95,486000,429.2397,3.92,130000,429.2394,3.95,1010000,1.00:0.51:0.14:1.06,949000,541000,1.00:0.57,3.93,,,7.77,[],[],['Phosphatidylcholine (9:0)' 'Phosphatidylethanolamine (12:0)']
67,67,,0.35,5.65,456.2798,20.59 - 22.00,1,2100,456.2785,21.54,868,456.2801,21.64,3010,456.2803,21.95,664,456.2804,21.16,3890,1.00:3.46:0.76:4.48,868,2520,1.00:2.90,21.57,,,5.86,['Lysophosphatidylserine (O-14:0)'],[],['Phosphatidate (17:0)']
68,68,,0.47,1.23,407.3353,15.26 - 16.98,1,8600,407.335,15.82,10900,407.336,15.51,4950,407.335,15.41,2860,407.335,16.49,15800,1.00:0.46:0.26:1.46,10900,7880,1.00:0.73,15.81,,,5.52,[],[],[]
69,69,,0.77,27.65,359.3512,4.71 - 9.91,1,270000,359.3513,4.89,452000,359.3512,4.92,82400,359.3513,4.91,86900,359.3511,4.91,455000,1.00:0.18:0.19:1.01,452000,208000,1.00:0.46,4.91,,,5.24,[],[],[]
70,70,,0.68,12.26,1304.3743,16.47 - 16.72,1,20000,1304.3726,16.49,10000,1304.3755,16.53,11800,1304.375,16.52,9610,1304.3743,16.51,48500,1.00:1.18:0.96:4.85,10000,23300,1.00:2.33,16.51,,,5.05,[],[],[]
71,71,,0.26,2.61,585.4479,4.93 - 14.99,1,710000,585.4479,9.42,1160000,585.4473,9.93,228000,585.448,9.99,252000,585.4484,8.88,1210000,1.00:0.20:0.22:1.04,1160000,564000,1.00:0.48,9.56,,,4.8,['Diacylglycerol (34:6)'],['Diacylglycerol (32:3)'],[]
72,72,,0.35,0,454.4615,4.38 - 9.51,1,24000,-0,-0,-0,454.4616,4.48,11100,454.4615,4.51,11500,454.4613,4.51,50000,-:1.00:1.04:4.52,-0,24200,-:1.00,4.5,,,4.35,[],[],[]
73,73,,0.32,0,567.4386,17.70 - 20.19,1,73000,-0,-0,-0,567.4381,19.22,86600,567.4396,18.65,26100,567.4381,18.95,107000,-:1.00:0.30:1.24,-0,73300,-:1.00,18.94,,,4.1,[],['Monoalkylmonoacylglycerol (O-32:5)'],[]
74,74,,0.48,0.45,590.5153,12.22 - 14.44,1,20000,590.5164,12.7,22200,590.5134,12.83,18000,590.5175,12.38,8050,590.514,13.12,32900,1.00:0.81:0.36:1.48,22200,19700,1.00:0.89,12.76,,,4.09,['Ceramide (t37:4)'],['Ceramide (t35:1)'],['Monoalkylmonoacylglycerol (O-34:5)']
75,75,,0.47,23.49,763.6053,4.02 - 4.16,1,12000,-0,-0,0,763.6057,4.03,6380,763.6052,4.06,8590,763.605,4.08,34100,0:1.00:1.35:5.34,0,16400,00:01.0,4.06,,,3.97,[],[],['Phosphatidylcholine (33:1)' 'Phosphatidylethanolamine (36:1)']
76,76,,0.56,0.15,1500.907,18.33 - 18.62,1,42000,1500.9075,18.54,41200,-0,-0,0,1500.9076,18.53,26800,1500.9059,18.54,101000,1.00:0:0.65:2.44,41200,42500,1.00:1.03,18.53,,,3.77,[],[],[]
77,77,,0.49,4.54,494.4049,2.70 - 8.33,1,160000,494.4051,3.33,81200,494.4052,3.28,122000,494.4046,3.3,96300,494.4047,3.32,360000,1.00:1.50:1.19:4.43,81200,193000,1.00:2.37,3.31,,,3.74,[],[],[]
78,78,,0.56,3.89,638.2151,20.26 - 21.99,1,4900,638.2157,21.66,3020,638.2158,21.21,2830,638.2141,21.38,3010,638.2148,21.12,10700,1.00:0.94:1.00:3.54,3020,5510,1.00:1.82,21.34,,,3.55,[],[],[]
79,79,,0.96,15.33,1572.4263,17.27 - 18.66,1,340000,1572.4255,17.33,193000,1572.426,17.32,219000,1572.4272,17.32,208000,1572.4263,17.32,723000,1.00:1.13:1.07:3.74,193000,383000,1.00:1.98,17.32,,,3.48,[],[],[]
80,80,,0.7,4.21,516.426,5.04 - 10.14,1,47000,516.426,5.16,56300,516.426,5.14,18200,516.426,5.13,25500,516.4259,5.18,87900,1.00:0.32:0.45:1.56,56300,43900,1.00:0.78,5.15,,,3.45,[],[],[]
81,81,,0.77,20.99,373.3212,3.95 - 4.29,1,53000,373.3215,4.08,31400,373.3216,4.03,31200,373.3208,4.08,34400,373.3207,4.07,115000,1.00:0.99:1.09:3.66,31400,60200,1.00:1.91,4.07,,,3.34,[],[],[]
82,82,,0.46,0.24,1203.8326,18.32 - 18.45,1,12000,1203.8329,18.33,12900,-0,-0,0,1203.8328,18.36,8390,1203.8323,18.33,27800,1.00:0:0.65:2.15,12900,12000,1.00:0.93,18.34,,,3.31,['Ganglioside GM4 (d50:7)'],[],['Sulfodihexosyl ceramide (d52:5)']
83,83,,0.72,23.51,652.4996,3.08 - 3.54,1,9500,652.5002,3.24,5300,652.4999,3.23,6170,652.4994,3.21,6290,652.499,3.27,20300,1.00:1.17:1.19:3.84,5300,10900,1.00:2.06,3.24,,,3.23,['Lysophosphatidylserine (O-28:0)'],[],['Phosphatidate (31:0)' 'Diacylglycerol (38:9)' 'Sphingomyelin (t28:1)']
84,84,,0.3,2.1,371.1009,1.58 - 8.32,1,140000,371.1008,3.29,94900,371.1008,3.28,68900,371.1009,3.26,98700,371.1009,3.32,316000,1.00:0.73:1.04:3.34,94900,161000,1.00:1.70,3.29,,,3.2,[],[],[]
85,85,,0.66,1.94,590.5144,5.56 - 10.89,1,220000,590.514,5.87,263000,590.5151,5.85,292000,590.5143,5.84,78400,590.514,5.89,251000,1.00:1.11:0.30:0.95,263000,207000,1.00:0.79,5.86,,,3.2,['Ceramide (t37:4)'],['Ceramide (t35:1)'],['Monoalkylmonoacylglycerol (O-34:5)']
86,86,,0.56,3.71,492.4045,4.42 - 10.44,1,610000,492.4044,4.71,891000,492.4046,5.5,318000,492.4047,5.44,309000,492.4045,5.44,902000,1.00:0.36:0.35:1.01,891000,510000,1.00:0.57,5.27,,,2.92,[],['Ceramide (t28:1)'],[]
87,87,,0.29,1.39,562.5184,10.19 - 16.18,1,2900000,562.5188,10.33,3700000,-0,-0,-0,562.519,10.32,1350000,562.5175,11.18,3710000,1.00:-:0.37:1.00,3700000,2530000,1.00:0.68,10.61,,,2.75,['Ceramide (d36:3)'],['Ceramide (d34:0)'],[]
88,88,,0.94,12.73,762.5566,9.33 - 14.49,1,240000,762.5571,9.47,159000,762.5564,9.47,170000,762.5564,9.49,174000,762.5566,9.49,473000,1.00:1.07:1.10:2.98,159000,272000,1.00:1.71,9.48,,,2.72,['Phosphatidylserine (O-35:1)'],['Hexosyl ceramide (t36:3)'],[]
89,89,,1.18,6.92,1424.3894,16.89 - 18.58,1,870000,1424.3889,16.95,668000,1424.3889,16.94,632000,1424.3905,16.94,585000,1424.3892,16.94,1580000,1.00:0.95:0.88:2.36,668000,932000,1.00:1.39,16.94,,,2.7,[],[],[]
90,90,,0.91,14.15,534.4874,8.38 - 13.56,1,390000,534.4871,8.56,572000,534.4875,8.55,217000,534.4872,8.53,213000,534.4877,8.53,568000,1.00:0.38:0.37:0.99,572000,333000,1.00:0.58,8.54,,,2.67,['Ceramide (d34:3)'],['Ceramide (d32:0)'],[]
91,91,,0.46,0.68,508.4571,3.36 - 9.16,1,950000,508.4572,4.13,1090000,508.4572,4.12,1150000,508.4571,3.44,432000,508.457,4.16,1140000,1.00:1.05:0.40:1.04,1090000,906000,1.00:0.83,3.96,,,2.64,[],[],[]
92,92,,1.27,4.4,1202.333,16.15 - 18.41,1,1500000,1202.3328,16.24,1240000,1202.3335,16.23,1410000,1202.333,16.23,908000,1202.3328,16.21,2380000,1.00:1.14:0.73:1.93,1240000,1570000,1.00:1.27,16.23,,,2.62,[],[],[]
93,93,,0.38,0,1149.3237,12.06 - 12.46,1,22000,-0,-0,-0,1149.3235,12.12,17500,1149.3235,12.13,13100,1149.3242,12.1,34200,-:1.00:0.75:1.96,-0,21600,-:1.00,12.12,,,2.61,[],[],[]
94,94,,0.49,0.17,628.4619,16.69 - 18.49,1,4600,628.4618,17.24,4410,628.4615,17.38,5320,628.4626,16.9,2380,628.4615,17.74,6150,1.00:1.21:0.54:1.39,4410,4620,1.00:1.05,17.31,,,2.58,[],['Lysophosphatidylethanolamine (O-28:1)'],[]
95,95,,0.26,0,379.2522,21.06 - 21.99,1,5700,-0,-0,-0,379.2527,21.71,4870,379.2518,21.66,3470,379.252,21.54,8840,-:1.00:0.71:1.81,-0,5730,-:1.00,21.64,,,2.55,[],['tetracosahexaenoate'],[]
96,96,,0.67,6.49,564.4471,3.02 - 3.78,1,11000,564.4476,3.33,6900,564.4465,3.32,7430,564.4472,3.35,8230,564.4471,3.36,20800,1.00:1.08:1.19:3.02,6900,12200,1.00:1.76,3.34,,,2.53,['Lysophosphatidylcholine (O-22:1)'],[],[]
97,97,,0.68,4.07,1008.3038,14.90 - 15.20,1,12000,1008.3031,14.98,9240,1008.3057,14.97,5990,1008.3035,14.97,9620,1008.303,14.99,24300,1.00:0.65:1.04:2.63,9240,13300,1.00:1.44,14.97,,,2.53,[],[],[]
98,98,,1.46,18.4,569.4314,10.95 - 16.18,1,29000000,569.4315,11.15,17400000,569.4313,11.16,41000000,569.4314,11.14,16700000,569.4312,11.18,41300000,1.00:2.35:0.96:2.37,17400000,33000000,1.00:1.89,11.16,,,2.47,[],[],"['Lysophosphatidylcholine (20:0)' 'Phosphatidylcholine (O-20:0)'
 'Phosphatidylethanolamine (O-23:0)']"
99,99,,0.53,2.59,1502.4065,17.08 - 18.58,1,220000,1502.4061,17.12,159000,-0,-0,-0,1502.4067,17.15,148000,1502.4065,17.15,365000,1.00:-:0.93:2.29,159000,257000,1.00:1.61,17.14,,,2.47,[],[],[]
100,100,,0.22,14.83,1283.3473,16.47 - 16.68,1,12000,-0,-0,0,-0,-0,0,1283.3473,16.52,14600,1283.3473,16.51,34600,0:0:1.00:2.37,0,16400,00:01.0,16.52,,,2.37,[],[],[]
101,101,,0.48,5.11,628.4622,18.04 - 19.16,1,4600,628.4634,18.85,8630,628.4624,18.2,2500,628.4606,18.56,2120,628.4623,18.83,5010,1.00:0.29:0.25:0.58,8630,3210,1.00:0.37,18.61,,,2.36,[],['Lysophosphatidylethanolamine (O-28:1)'],[]
102,102,,0.65,1.77,596.489,7.37 - 8.77,1,8500,596.489,7.64,9990,596.4896,7.64,8730,596.4886,7.66,4550,596.4887,7.66,10700,1.00:0.87:0.46:1.07,9990,7980,1.00:0.80,7.65,,,2.35,[],[],[]
103,103,,0.27,0,776.8016,18.99 - 20.24,1,16000,-0,-0,-0,776.8003,20.19,24600,776.7998,20.18,7380,776.8048,20.22,17200,-:1.00:0.30:0.70,-0,16400,-:1.00,20.2,,,2.33,[],[],[]
104,104,,0.77,9.17,563.4663,7.90 - 11.02,1,47000,563.4661,8.68,62500,563.4659,8.69,63600,563.4667,8.67,18900,563.4664,8.71,43400,1.00:1.02:0.30:0.69,62500,42000,1.00:0.67,8.68,,,2.3,['Diacylglycerol (32:3)'],['Diacylglycerol (30:0)'],[]
105,105,,0.3,0,700.2309,7.97 - 8.14,1,3800,-0,-0,-0,700.23,8.03,3270,700.2302,8.02,2520,700.2324,8.05,5580,-:1.00:0.77:1.71,-0,3790,-:1.00,8.03,,,2.21,[],[],[]
106,106,,0.43,2.47,1231.8784,14.18 - 16.52,1,9400,1231.8789,15.72,5800,1231.8774,15.37,20300,1231.8799,15.34,3570,1231.8772,14.48,7900,1.00:3.50:0.62:1.36,5800,10600,1.00:1.83,15.23,,,2.21,[],[],[]
107,107,,0.58,0.48,1231.8777,11.04 - 11.38,1,4600,1231.8779,11.23,4870,1231.8773,11.12,5240,1231.8799,11.34,2570,1231.8757,11.11,5540,1.00:1.08:0.53:1.14,4870,4450,1.00:0.91,11.2,,,2.16,[],[],[]
108,108,,1.17,6.95,1498.4078,17.08 - 18.62,1,620000,1498.4072,17.12,478000,1498.4093,17.16,489000,1498.4072,17.15,480000,1498.4073,17.15,1030000,1.00:1.02:1.00:2.16,478000,666000,1.00:1.40,17.14,,,2.15,[],[],[]
109,109,,0.67,4.73,878.2823,6.91 - 7.31,1,18000,878.2805,6.98,12600,878.2832,6.98,15200,878.283,7,13800,878.2826,6.99,29600,1.00:1.21:1.10:2.36,12600,19500,1.00:1.55,6.99,,,2.14,[],[],['Phosphatidylinositol bisphosphate (25:6)']
110,110,,0.24,1.55,607.3899,11.60 - 14.14,1,15000,607.39,12.81,19000,-0,-0,-0,607.3912,13.32,7940,607.3883,12.57,16700,1.00:-:0.42:0.88,19000,12300,1.00:0.65,12.9,,,2.1,[],[],[]
111,111,,0.75,2.94,504.4252,3.93 - 4.36,1,14000,504.4253,4.05,12500,504.425,4.03,10700,504.4257,4.06,10800,504.4246,4.07,22600,1.00:0.86:0.86:1.81,12500,14700,1.00:1.18,4.05,,,2.09,[],[],[]
112,112,,1.23,22.17,553.4571,10.95 - 16.18,1,19000000,553.4573,11.15,10900000,553.457,11.16,16200000,553.4572,11.14,16400000,553.4569,11.18,34300000,1.00:1.48:1.50:3.15,10900000,22300000,1.00:2.05,11.16,,,2.09,[],[],[]
113,113,,1.34,6.11,590.549,10.93 - 16.18,1,11000000,590.549,11.15,8370000,590.549,11.16,8520000,590.5491,11.14,8370000,590.5489,11.18,17100000,1.00:1.02:1.00:2.05,8370000,11300000,1.00:1.35,11.16,,,2.04,['Ceramide (d38:3)'],['Ceramide (d36:0)'],[]
114,114,,0.87,28.37,694.4943,9.33 - 14.49,1,360000,694.4939,9.47,629000,694.4942,9.47,322000,694.4946,9.49,164000,694.4945,9.49,322000,1.00:0.51:0.26:0.51,629000,270000,1.00:0.43,9.48,,,1.96,['Lysophosphatidylserine (30:0)' 'Phosphatidylserine (O-30:0)'],[],['Ceramide phosphoethanolamine (d36:7)']
115,115,,1.29,6.8,393.2964,3.93 - 4.39,1,600000,393.2964,4.05,465000,393.2965,4.03,487000,393.2965,4.06,492000,393.2964,4.07,959000,1.00:1.05:1.06:2.06,465000,646000,1.00:1.39,4.05,,,1.95,[],[],[]
116,116,,0.41,18.92,1278.3302,15.03 - 15.52,1,5200,-0,-0,0,1278.3285,15.18,3560,1278.3323,15.25,5840,1278.33,15.2,11300,0:1.00:1.64:3.16,0,6890,00:01.0,15.21,,,1.93,[],[],[]
117,117,,0.83,12.07,1215.746,8.77 - 13.97,1,730000,1215.7452,8.94,534000,1215.7466,8.95,532000,1215.7465,8.93,640000,1215.7458,8.97,1230000,1.00:1.00:1.20:2.30,534000,801000,1.00:1.50,8.95,,,1.92,[],['Ganglioside GA2 (d44:7)'],[]
118,118,,0.65,0.53,1318.661,2.83 - 3.07,1,7700,1318.6633,2.98,8140,1318.6589,2.97,6910,1318.6616,2.95,5370,1318.6602,2.96,10300,1.00:0.85:0.66:1.27,8140,7540,1.00:0.93,2.97,,,1.92,[],[],[]
119,119,,1.1,0.94,1057.295,15.44 - 16.28,1,500000,1057.2957,15.48,477000,1057.2947,15.52,308000,1057.2944,15.51,419000,1057.2952,15.5,800000,1.00:0.65:0.88:1.68,477000,509000,1.00:1.07,15.5,,,1.91,[],[],[]
120,120,,1.05,13.34,701.408,9.32 - 14.49,1,1700000,701.4077,9.47,1170000,701.4081,9.47,2660000,701.408,9.49,1060000,701.4083,9.49,2020000,1.00:2.27:0.91:1.73,1170000,1910000,1.00:1.64,9.48,,,1.91,[],['Phosphatidate (35:6)'],['Phosphatidylserine (29:5)']
121,121,,0.2,4.46,516.3897,1.00 - 3.24,1,3300,516.3909,2.5,7090,-0,-0,-0,516.3885,1.13,945,516.3897,1.42,1770,1.00:-:0.13:0.25,7090,1360,1.00:0.19,1.68,,,1.87,[],[],[]
122,122,,0.79,3,658.224,3.86 - 4.18,1,12000,658.2242,3.91,11100,658.2239,3.95,9380,658.2245,3.93,10200,658.2233,3.95,19000,1.00:0.85:0.92:1.71,11100,12900,1.00:1.16,3.93,,,1.86,[],[],[]
123,123,,0.71,2.3,712.2865,9.72 - 10.32,1,7900,712.2868,9.8,8810,712.2862,9.81,6060,712.2867,9.79,5910,712.2862,9.83,11000,1.00:0.69:0.67:1.25,8810,7660,1.00:0.87,9.81,,,1.86,[],[],[]
124,124,,0.74,7.59,710.3944,2.78 - 7.96,1,89000,710.3947,2.98,114000,710.3942,2.97,84100,710.3948,2.95,55500,710.3938,2.96,103000,1.00:0.74:0.49:0.91,114000,80900,1.00:0.71,2.97,,,1.86,['Phosphatidylserine (31:6)'],[],['Phosphatidylinositol (24:3)']
125,125,,0.68,2.16,1099.9012,13.82 - 15.82,1,25000,1099.9001,14.88,21100,1099.9023,14.73,29400,1099.9023,14.92,17200,1099.9001,14.97,31900,1.00:1.40:0.82:1.52,21100,26200,1.00:1.24,14.87,,,1.85,[],['Monoalkyldiacylglycerol (O-70:12)'],[]
126,126,,0.69,1.12,954.2997,8.29 - 8.53,1,4500,954.3002,8.34,4090,954.3,8.33,3860,954.2992,8.36,3520,954.2996,8.36,6490,1.00:0.94:0.86:1.59,4090,4620,1.00:1.13,8.35,,,1.84,[],[],[]
127,127,,0.89,0.11,725.405,2.78 - 3.99,1,25000,725.405,2.98,25100,725.4049,2.97,25100,725.4052,3,18000,725.4049,2.96,32900,1.00:1.00:0.72:1.31,25100,25300,1.00:1.01,2.98,,,1.83,[],[],[]
128,128,,0.64,9.57,879.7399,16.79 - 17.04,1,9000,879.7399,16.83,16700,879.741,16.86,6870,879.7374,16.87,4440,879.7412,16.89,8050,1.00:0.41:0.27:0.48,16700,6450,1.00:0.39,16.86,,,1.81,"['Triacylglycerol (54:6)' 'Sphingomyelin (d47:4)'
 'Ceramide phosphoethanolamine (d50:4)']",['Triacylglycerol (52:3)'],['Hexosyl ceramide (d46:4)' 'Ceramide phosphate (d52:5)']
129,129,,0.64,7.59,1220.3428,13.07 - 13.48,1,39000,1220.3423,13.16,20400,1220.3455,13.19,34700,1220.3408,13.15,36300,1220.3428,13.17,65700,1.00:1.70:1.78:3.22,20400,45600,1.00:2.23,13.17,,,1.81,[],[],[]
130,130,,0.59,0,1279.351,16.47 - 16.82,1,570000,-0,-0,-0,1279.3506,16.52,458000,1279.3516,16.52,447000,1279.351,16.51,808000,-:1.00:0.98:1.76,-0,571000,-:1.00,16.52,,,1.81,[],[],[]
131,131,,0.98,3.81,656.2261,3.86 - 4.20,1,42000,656.226,3.91,34900,656.2261,3.95,38200,656.2262,3.93,34700,656.226,3.95,62000,1.00:1.10:1.00:1.78,34900,45000,1.00:1.29,3.93,,,1.79,[],[],[]
132,132,,0.51,6.74,493.3196,21.02 - 21.86,1,1700,493.3194,21.51,3500,493.3201,21.42,832,493.32,21.67,946,493.3188,21.17,1690,1.00:0.24:0.27:0.48,3500,1160,1.00:0.33,21.44,,,1.79,['Lysophosphatidate (22:1)' 'Phosphatidate (O-22:1)'],[],[]
133,133,,0.75,3.53,566.5868,7.02 - 9.36,1,11000,566.5865,7.11,9480,566.587,7.11,9510,566.5867,7.09,8910,566.5871,7.13,15900,1.00:1.00:0.94:1.68,9480,11400,1.00:1.21,7.11,,,1.78,[],[],[]
134,134,,0.85,0.78,1072.3066,10.82 - 11.43,1,75000,1072.3069,10.94,72200,1072.3062,10.95,51600,1072.3066,10.93,62900,1072.3066,10.97,112000,1.00:0.71:0.87:1.55,72200,75500,1.00:1.05,10.95,,,1.78,[],[],[]
135,135,,0.73,25.42,874.7845,16.54 - 17.15,1,34000,874.7853,16.83,55500,874.7844,16.86,25600,874.7841,16.86,20000,874.7841,16.85,35600,1.00:0.46:0.36:0.64,55500,27100,1.00:0.49,16.85,,,1.78,[],[],['Triacylglycerol (52:3)']
136,136,,0.49,0.87,1000.2861,9.61 - 10.14,1,71000,1000.2856,9.68,61400,-0,-0,-0,1000.2867,9.66,55200,1000.2859,9.7,96800,1.00:-:0.90:1.58,61400,76000,1.00:1.24,9.68,,,1.75,[],[],[]
137,137,,0.38,1.53,510.1859,1.87 - 3.15,1,31000,510.1866,2.49,22500,-0,-0,-0,510.1852,2.53,25200,510.1859,2.62,44000,1.00:-:1.12:1.96,22500,34600,1.00:1.54,2.55,,,1.75,[],[],[]
138,138,,1.31,0.12,1276.3523,16.44 - 18.49,1,1300000,1276.3521,16.49,1290000,1276.3519,16.52,1120000,1276.3529,16.52,1010000,1276.3523,16.51,1760000,1.00:0.87:0.79:1.37,1290000,1300000,1.00:1.01,16.51,,,1.74,[],[],[]
139,139,,0.61,1.57,832.738,16.31 - 16.55,1,4800,832.7389,16.41,3980,832.7363,16.4,5760,832.7384,16.38,3420,832.7383,16.38,5930,1.00:1.45:0.86:1.49,3980,5040,1.00:1.26,16.39,,,1.73,[],[],['Triacylglycerol (49:3)']
140,140,,0.68,0.63,839.7087,16.57 - 16.81,1,4400,839.7081,16.7,4170,839.7089,16.69,4920,839.7083,16.69,3150,839.7094,16.68,5440,1.00:1.18:0.75:1.30,4170,4500,1.00:1.08,16.69,,,1.73,['Triacylglycerol (51:5)'],['Triacylglycerol (49:2)'],[]
141,141,,1.23,3.56,983.2757,14.86 - 16.23,1,450000,983.276,14.98,386000,983.275,14.96,404000,983.2762,14.97,375000,983.2757,14.99,637000,1.00:1.05:0.97:1.65,386000,472000,1.00:1.22,14.97,,,1.7,['Phosphatidylinositol trisphosphate (28:6)'],['Phosphatidylinositol trisphosphate (26:3)'],[]
142,142,,0.63,0.66,721.645,8.51 - 8.84,1,3000,721.6445,8.6,2750,721.6455,8.64,3470,721.6447,8.62,2130,721.6453,8.66,3570,1.00:1.26:0.77:1.30,2750,3060,1.00:1.11,8.63,,,1.68,[],[],[]
143,143,,0.73,2.95,706.7426,13.54 - 14.40,1,8100,706.7427,13.67,8990,706.7421,13.65,7210,706.7434,13.62,5970,706.7422,13.67,10000,1.00:0.80:0.66:1.12,8990,7740,1.00:0.86,13.65,,,1.68,[],[],[]
144,144,,0.26,2.37,377.3086,15.14 - 20.09,1,52000,377.3078,15.94,32000,-0,-0,-0,377.3087,16.56,46800,377.3092,16.53,77900,1.00:-:1.46:2.43,32000,62300,1.00:1.95,16.35,,,1.66,[],[],[]
145,145,,0.39,2.06,1060.2922,15.43 - 16.02,1,35000,1060.2928,15.48,23500,-0,-0,-0,1060.2924,15.51,30600,1060.2913,15.5,50800,1.00:-:1.30:2.16,23500,40700,1.00:1.73,15.5,,,1.66,[],[],[]
146,146,,0.26,0.32,551.4424,15.26 - 20.17,1,15000,551.4426,16.11,14000,-0,-0,-0,551.4419,15.97,11800,551.4427,16.97,19400,1.00:-:0.84:1.39,14000,15600,1.00:1.12,16.35,,,1.64,[],[],[]
147,147,,0.72,0.33,763.3979,2.83 - 3.32,1,4900,763.3976,2.98,4980,763.3978,2.97,4390,763.3986,2.95,3860,763.3978,2.96,6330,1.00:0.88:0.78:1.27,4980,4860,1.00:0.98,2.97,,,1.64,[],[],['Sulfodihexosyl ceramide (d20:1)']
148,148,,0.44,2.21,1378.391,16.70 - 16.81,1,11000,1378.3867,16.77,6950,-0,-0,0,1378.395,16.73,13700,1378.3911,16.76,22400,1.00:0:1.97:3.22,6950,12000,1.00:1.73,16.75,,,1.64,[],[],[]
149,149,,0.61,1.25,786.8247,19.45 - 20.24,1,11000,786.8232,20.16,12400,786.8248,20.17,8780,786.8257,20.19,8360,786.8251,20.17,13600,1.00:0.71:0.67:1.09,12400,10200,1.00:0.83,20.18,,,1.63,[],[],[]
150,150,,0.24,0,555.1756,9.59 - 10.97,1,3200,-0,-0,-0,555.1749,9.8,4130,555.1757,10.8,2100,555.1761,10.69,3400,-:1.00:0.51:0.82,-0,3210,-:1.00,10.43,,,1.62,[],[],[]
151,151,,1.16,1.84,909.2568,14.08 - 18.41,1,320000,909.257,14.22,288000,909.2565,14.24,273000,909.2566,14.25,267000,909.257,14.23,432000,1.00:0.95:0.93:1.50,288000,324000,1.00:1.12,14.24,,,1.62,['Phosphatidylinositol trisphosphate (22:1)'],[],[]
152,152,,0.69,6.4,952.3011,8.25 - 8.62,1,9100,952.3,8.34,6970,952.2999,8.34,9860,952.3031,8.36,7560,952.3014,8.36,12100,1.00:1.41:1.09:1.74,6970,9840,1.00:1.41,8.35,,,1.6,[],[],['Phosphatidylinositol trisphosphate (24:2)']
153,153,,0.74,7.44,1156.3391,15.85 - 16.23,1,28000,1156.3379,15.9,21600,1156.3389,15.89,29300,1156.3408,15.89,23000,1156.3389,15.92,36700,1.00:1.36:1.07:1.70,21600,29700,1.00:1.38,15.9,,,1.6,[],[],[]
154,154,,0.71,1.01,1230.3601,16.19 - 16.44,1,20000,1230.3594,16.24,19100,1230.3608,16.23,16800,1230.361,16.23,17200,1230.3594,16.25,27400,1.00:0.88:0.90:1.43,19100,20500,1.00:1.07,16.24,,,1.59,[],[],[]
155,155,,1.06,0.62,776.2322,5.65 - 6.23,1,250000,776.2324,5.74,238000,776.2326,5.76,196000,776.2324,5.75,212000,776.2316,5.76,337000,1.00:0.82:0.89:1.42,238000,248000,1.00:1.04,5.75,,,1.59,[],[],['Phosphatidylinositol bisphosphate (17:1)']
156,156,,0.68,0.53,874.9305,16.47 - 16.94,1,6300,874.9309,16.54,6040,874.9296,16.57,5690,874.9294,16.56,5250,874.932,16.59,8330,1.00:0.94:0.87:1.38,6040,6420,1.00:1.06,16.56,,,1.59,[],[],[]
157,157,,0.95,2.08,582.2074,3.07 - 3.95,1,80000,582.2076,3.29,72600,582.2076,3.28,70600,582.207,3.26,69400,582.2074,3.32,109000,1.00:0.97:0.96:1.50,72600,83000,1.00:1.14,3.29,,,1.57,[],[],[]
158,158,,0.22,0,394.3517,14.07 - 20.32,1,7800000,-0,-0,-0,394.3518,19.07,6610000,394.3517,19.69,6590000,394.3516,19.79,10300000,-:1.00:1.00:1.55,-0,7820000,-:1.00,19.52,,,1.56,[],[],[]
159,159,,0.78,22.15,1146.3246,12.01 - 12.48,1,63000,1146.3248,12.1,38000,1146.3242,12.12,58000,1146.3242,12.09,60400,1146.3252,12.1,94400,1.00:1.53:1.59:2.48,38000,70900,1.00:1.87,12.1,,,1.56,[],[],[]
160,160,,0.42,1.32,457.271,13.29 - 15.05,1,4500,457.2703,13.5,3340,457.2716,14.2,3590,457.2711,14.55,4350,457.2711,14.61,6670,1.00:1.08:1.30:2.00,3340,4870,1.00:1.46,14.21,,,1.53,[],[],"['Lysophosphatidylserine (O-13:1)' 'Phosphatidylcholine (11:0)'
 'Phosphatidylethanolamine (14:0)']"
161,161,,1.53,3.35,980.2768,14.86 - 16.48,1,1700000,980.2777,14.98,1440000,980.276,14.96,1540000,980.277,14.97,1470000,980.2766,14.99,2230000,1.00:1.07:1.02:1.55,1440000,1750000,1.00:1.21,14.97,,,1.52,[],[],[]
162,162,,0.67,10,900.7996,16.55 - 17.15,1,26000,900.7991,16.87,43400,900.7994,16.91,20300,900.8008,16.9,15900,900.7991,16.89,24000,1.00:0.47:0.37:0.55,43400,20100,1.00:0.46,16.89,,,1.51,[],[],['Triacylglycerol (54:4)']
163,163,,0.3,0,1138.7554,6.86 - 7.11,1,2400,-0,-0,-0,1138.7566,6.94,2850,1138.7557,6.91,1790,1138.7538,6.95,2700,-:1.00:0.63:0.95,-0,2450,-:1.00,6.93,,,1.51,[],[],[]
164,164,,0.82,6.72,576.4989,8.05 - 8.81,1,21000,576.4986,8.16,17100,576.4987,8.16,23800,576.4995,8.14,17700,576.499,8.18,26500,1.00:1.39:1.04:1.55,17100,22700,1.00:1.33,8.16,,,1.5,['Ceramide (t36:4)'],['Ceramide (t34:1)'],['Monoalkylmonoacylglycerol (O-33:5)']
165,165,,0.88,4.43,584.2053,3.13 - 3.68,1,19000,584.2051,3.29,15800,584.2053,3.28,15700,584.2056,3.26,18200,584.2053,3.32,27200,1.00:0.99:1.15:1.72,15800,20400,1.00:1.29,3.29,,,1.49,[],[],[]
166,166,,0.29,0,590.5126,11.40 - 12.22,1,6100,-0,-0,-0,590.512,11.61,6860,590.5126,12.15,4640,590.5133,11.85,6880,-:1.00:0.68:1.00,-0,6120,-:1.00,11.87,,,1.48,['Ceramide (t37:4)'],['Ceramide (t35:1)'],['Monoalkylmonoacylglycerol (O-34:5)']
167,167,,1.93,4.67,520.4717,8.36 - 13.25,1,7300000,520.4713,8.56,8790000,520.4719,8.55,5850000,520.4716,8.53,5930000,520.4721,8.57,8780000,1.00:0.67:0.67:1.00,8790000,6850000,1.00:0.78,8.55,,,1.48,['Ceramide (d33:3)'],['Ceramide (d31:0)'],[]
168,168,,0.86,1.71,994.329,15.81 - 16.19,1,49000,994.3289,15.86,44900,994.3289,15.89,42800,994.3292,15.89,43200,994.3289,15.87,63800,1.00:0.95:0.96:1.42,44900,49900,1.00:1.11,15.88,,,1.48,[],[],[]
169,169,,1.56,3.83,1054.2956,15.40 - 18.17,1,1800000,1054.2957,15.48,1540000,1054.2952,15.52,1610000,1054.2958,15.51,1670000,1054.2958,15.5,2460000,1.00:1.04:1.08:1.59,1540000,1910000,1.00:1.24,15.5,,,1.47,[],[],[]
170,170,,0.74,2.27,803.832,16.73 - 17.10,1,10000,803.8317,16.83,11200,803.8324,16.82,11100,803.8327,16.81,7480,803.8313,16.85,11000,1.00:0.99:0.67:0.98,11200,9860,1.00:0.88,16.83,,,1.47,[],[],[]
171,171,,0.77,2.84,550.628,9.55 - 10.49,1,10000,550.6278,9.68,8840,550.6282,9.68,9980,550.6282,9.66,8550,550.6276,9.66,12500,1.00:1.13:0.97:1.42,8840,10400,1.00:1.17,9.67,,,1.46,[],[],[]
172,172,,0.45,0.44,282.1696,20.86 - 21.78,1,1700,282.1694,21.07,1510,282.1694,21.72,2080,282.1698,21.73,1250,282.1698,20.96,1820,1.00:1.37:0.83:1.20,1510,1720,1.00:1.13,21.37,,,1.46,[],[],[]
173,173,,0.68,0.84,515.3707,8.45 - 8.99,1,8700,515.3708,8.56,9300,515.3701,8.55,9050,515.3716,8.54,6660,515.3701,8.58,9680,1.00:0.97:0.72:1.04,9300,8460,1.00:0.91,8.56,,,1.45,[],[],[]
174,174,,0.41,0,718.837,19.40 - 20.26,1,21000,-0,-0,-0,718.8365,20.19,24200,718.8378,20.2,16000,718.8368,20.17,23100,-:1.00:0.66:0.95,-0,21100,-:1.00,20.19,,,1.44,[],[],[]
175,175,,0.57,2.08,280.2376,9.64 - 10.80,1,4400,280.2372,10.29,3360,280.2381,9.9,5950,280.2374,10.21,3460,280.2378,10.56,4990,1.00:1.77:1.03:1.49,3360,4800,1.00:1.43,10.24,,,1.44,[],[],[]
176,176,,0.69,0.31,726.6225,11.34 - 13.21,1,31000,726.6233,12.2,31800,726.6223,12.15,24800,726.6227,11.6,27900,726.6217,12.07,40200,1.00:0.78:0.88:1.27,31800,31000,1.00:0.97,12.01,,,1.44,[],[],[]
177,177,,0.41,0.5,1070.346,16.20 - 16.47,1,22000,1070.3459,16.24,23900,-0,-0,-0,1070.3469,16.23,16900,1070.3452,16.21,24200,1.00:-:0.70:1.01,23900,20500,1.00:0.86,16.23,,,1.43,[],[],[]
178,178,,0.61,1.55,563.5125,8.42 - 9.35,1,10000,563.5104,8.51,11800,563.5111,8.51,9490,563.5144,8.53,7690,563.5142,8.53,11000,1.00:0.80:0.65:0.93,11800,9390,1.00:0.79,8.52,,,1.43,['Monoalkylmonoacylglycerol (O-33:3)'],[],['Ceramide (d35:4)']
179,179,,0.62,0,1350.371,16.69 - 18.53,1,1100000,-0,-0,-0,1350.3701,16.73,844000,1350.3722,16.73,1050000,1350.3707,16.76,1500000,-:1.00:1.24:1.78,-0,1130000,-:1.00,16.74,,,1.43,[],[],[]
180,180,,0.76,2.97,908.8623,17.53 - 18.00,1,30000,908.8624,17.83,34100,908.8617,17.83,28900,908.8618,17.82,24000,908.8633,17.82,34100,1.00:0.85:0.70:1.00,34100,29000,1.00:0.85,17.82,,,1.42,[],[],['Triacylglycerol (54:0)']
181,181,,0.79,10.95,832.884,16.02 - 16.65,1,10000,832.8845,16.11,7520,832.8838,16.1,12000,832.8839,16.1,8940,832.8837,16.13,12700,1.00:1.59:1.19:1.68,7520,11200,1.00:1.49,16.11,,,1.42,[],[],[]
182,182,,0.65,2.95,818.2783,8.90 - 9.41,1,8900,818.2791,8.99,6810,818.2769,8.99,8980,818.2776,8.97,8170,818.2797,9.01,11600,1.00:1.32:1.20:1.71,6810,9590,1.00:1.41,8.99,,,1.42,[],[],[]
183,183,,0.78,4.25,656.5305,2.79 - 8.10,1,290000,656.5305,3.07,248000,656.5308,3.1,260000,656.5308,3.08,274000,656.5302,3.05,389000,1.00:1.05:1.11:1.57,248000,308000,1.00:1.24,3.07,,,1.42,[],[],['Diacylglycerol (38:7)']
184,184,,0.25,1.86,1038.3547,15.61 - 15.77,1,5500,1038.3552,15.66,7600,-0,-0,-0,1038.3529,15.64,3670,1038.356,15.68,5190,1.00:-:0.48:0.68,7600,4430,1.00:0.58,15.66,,,1.41,[],[],[]
185,185,,0.98,3.5,998.287,9.55 - 10.58,1,130000,998.2871,9.68,105000,998.2878,9.68,143000,998.2865,9.66,107000,998.2864,9.7,151000,1.00:1.36:1.02:1.43,105000,134000,1.00:1.27,9.68,,,1.41,[],[],[]
186,186,,0.39,0.51,974.8126,19.99 - 20.26,1,17000,974.8126,20.16,19000,-0,-0,-0,974.8125,20.15,13500,974.8127,20.17,19000,1.00:-:0.71:1.00,19000,16200,1.00:0.85,20.16,,,1.41,['Phosphatidylserine (O-50:0)'],[],['Triacylglycerol (60:9)' 'Sphingomyelin (d53:7)']
187,187,,0.32,0,559.5159,9.54 - 10.36,1,5000,-0,-0,-0,559.5161,9.64,4110,559.5155,9.61,4530,559.5161,9.66,6350,-:1.00:1.10:1.54,-0,5000,-:1.00,9.64,,,1.4,[],[],[]
188,188,,0.38,0.24,451.4609,3.99 - 4.47,1,8700,451.4612,4.05,8290,-0,-0,-0,451.4609,4.06,7430,451.4605,4.07,10400,1.00:-:0.90:1.25,8290,8910,1.00:1.08,4.06,,,1.4,[],[],[]
189,189,,0.46,0,463.1306,1.88 - 3.41,1,47000,-0,-0,-0,463.1307,2.5,32900,463.1306,2.48,45500,463.1306,2.6,63600,-:1.00:1.38:1.93,-0,47300,-:1.00,2.53,,,1.4,[],[],[]
190,190,,0.32,0,467.3041,0.00 - 2.88,1,14000,467.304,2.23,-0,467.3043,1.27,24500,467.3038,0.98,7230,467.3042,1.21,10100,-:1.00:0.30:0.41,-0,13900,-:1.00,1.42,,,1.4,['Lysophosphatidate (20:0)' 'Phosphatidate (O-20:0)'],[],[]
191,191,,0.31,0.24,719.6292,7.37 - 7.70,1,3100,719.6301,7.42,3220,-0,-0,-0,719.629,7.44,2510,719.6285,7.48,3490,1.00:-:0.78:1.08,3220,3000,1.00:0.93,7.45,,,1.39,[],[],[]
192,192,,0.92,5.06,705.2117,4.64 - 4.98,1,34000,705.2117,4.71,27300,705.2112,4.7,30800,705.212,4.73,31800,705.2118,4.73,44200,1.00:1.13:1.16:1.62,27300,35600,1.00:1.30,4.72,,,1.39,[],[],[]
193,193,,0.7,6.22,465.1282,1.78 - 3.50,1,12000,465.1286,2.49,9090,465.1281,2.45,8610,465.1281,2.53,12400,465.128,2.62,17200,1.00:0.95:1.37:1.90,9090,12800,1.00:1.40,2.52,,,1.39,[],[],[]
194,194,,0.4,0.09,508.1887,1.65 - 7.50,1,240000,508.1887,2.5,230000,508.1887,2.5,179000,508.1886,2.48,223000,508.1887,2.61,309000,1.00:0.78:0.97:1.35,230000,237000,1.00:1.03,2.52,,,1.39,[],[],[]
195,195,,0.74,1.34,860.3246,12.71 - 13.42,1,14000,860.3251,12.82,13500,860.3243,12.8,15100,860.3253,12.77,12200,860.3239,12.82,16900,1.00:1.12:0.90:1.25,13500,14700,1.00:1.09,12.8,,,1.39,[],[],[]
196,196,,0.69,2.35,824.7685,17.88 - 19.54,1,18000,824.7688,18.25,14900,824.7692,18.37,9540,824.7677,18.4,19700,824.7684,18.37,27200,1.00:0.64:1.32:1.82,14900,18800,1.00:1.26,18.35,,,1.38,[],[],['Triacylglycerol (48:0)']
197,197,,0.86,5.89,730.2448,4.64 - 5.01,1,34000,730.2444,4.71,28200,730.2451,4.7,30500,730.2451,4.73,32500,730.2448,4.73,44600,1.00:1.08:1.15:1.58,28200,35900,1.00:1.27,4.72,,,1.37,[],[],[]
198,198,,0.44,0.24,657.585,13.33 - 15.45,1,66000,657.5847,13.5,69800,-0,-0,-0,657.5854,13.49,54800,657.585,13.5,74900,1.00:-:0.79:1.07,69800,64900,1.00:0.93,13.5,,,1.37,['Monoalkylmonoacylglycerol (O-40:5)'],['Monoalkylmonoacylglycerol (O-38:2)'],['Ceramide (d42:6)']
199,199,,0.76,1.18,700.3134,2.82 - 3.63,1,13000,700.3135,2.98,12300,700.3133,2.97,11600,700.3141,3,12000,700.3128,2.96,16400,1.00:0.94:0.97:1.33,12300,13300,1.00:1.08,2.98,,,1.37,[],[],['Phosphatidylglycerophosphate (24:4)']
200,200,,0.78,1.53,492.4621,4.25 - 6.54,1,36000,492.462,5.34,33700,492.4623,5.32,34600,492.4624,5.35,32300,492.4617,5.35,43800,1.00:1.03:0.96:1.30,33700,36900,1.00:1.10,5.34,,,1.36,[],[],[]
201,201,,0.76,10.25,431.9169,19.81 - 20.26,1,10000,431.9169,20.16,7490,431.9168,20.15,12400,431.9167,20.15,9080,431.917,20.17,12300,1.00:1.66:1.21:1.64,7490,11300,1.00:1.50,20.16,,,1.35,[],[],[]
202,202,,0.69,2.77,1216.3857,16.69 - 16.90,1,22000,1216.3857,16.74,18100,1216.3845,16.73,32300,1216.3871,16.73,16500,1216.3854,16.76,22300,1.00:1.78:0.91:1.23,18100,23700,1.00:1.31,16.74,,,1.35,[],[],[]
203,203,,0.96,2.02,312.3257,3.63 - 4.95,1,81000,312.3253,4.31,71800,312.326,4.3,71900,312.3256,4.33,76300,312.3259,4.33,103000,1.00:1.00:1.06:1.43,71800,83600,1.00:1.17,4.32,,,1.35,[],[],[]
204,204,,0.86,0.58,843.7409,17.06 - 17.36,1,18000,843.741,17.16,17400,843.7407,17.16,18000,843.7412,17.19,15500,843.7406,17.18,20900,1.00:1.03:0.89:1.20,17400,18100,1.00:1.04,17.17,,,1.35,['Triacylglycerol (51:3)' 'Sphingomyelin (d44:1)'],['Triacylglycerol (49:0)'],['Hexosyl ceramide (d43:1)']
205,205,,0.75,2.49,578.3969,3.80 - 4.25,1,7300,578.3961,3.87,6580,578.3973,3.86,7540,578.3971,3.89,6480,578.397,3.9,8730,1.00:1.15:0.99:1.33,6580,7580,1.00:1.15,3.88,,,1.35,[],[],[]
206,206,,0.29,0,1166.7843,6.86 - 7.07,1,2300,-0,-0,-0,1166.7834,6.94,1910,1166.7834,6.91,2160,1166.7861,6.95,2910,-:1.00:1.13:1.53,-0,2320,-:1.00,6.93,,,1.35,[],[],['Phosphatidylglycerophosphate (58:9)']
207,207,,0.78,2.22,556.5291,8.45 - 10.98,1,18000,556.5287,8.99,19700,556.5291,9.02,10600,556.5295,9.02,17800,556.5292,8.97,23800,1.00:0.54:0.90:1.21,19700,17400,1.00:0.88,9,,,1.34,['Ceramide (t34:0)'],[],['Monoalkylmonoacylglycerol (O-31:1)']
208,208,,0.53,0.83,659.2867,14.62 - 20.29,1,1200000,659.2867,19.62,1350000,659.2863,20.11,1050000,659.2869,19.78,1010000,659.287,19.75,1350000,1.00:0.78:0.75:1.00,1350000,1140000,1.00:0.85,19.81,,,1.34,['Phosphatidylglycerophosphate (22:2)'],['Phosphatidylinositol (20:3)'],[]
209,209,,0.77,36.63,881.7556,17.04 - 17.32,1,14000,881.7554,17.12,26800,881.7555,17.11,11200,881.7555,17.11,8530,881.7561,17.1,11400,1.00:0.42:0.32:0.42,26800,10400,1.00:0.39,17.11,,,1.34,['Triacylglycerol (54:5)'],['Triacylglycerol (52:2)'],[]
210,210,,0.63,1.16,892.298,10.34 - 10.93,1,9400,892.298,10.46,8200,892.2996,10.43,8070,892.2953,10.41,9150,892.2991,10.45,12200,1.00:0.98:1.12:1.48,8200,9800,1.00:1.20,10.44,,,1.33,[],[],['Phosphatidylinositol bisphosphate (26:6)']
211,211,,0.77,0.38,580.5141,4.79 - 5.32,1,5900,580.514,4.85,5740,580.514,4.87,6490,580.5142,4.86,4800,580.5141,4.87,6390,1.00:1.13:0.84:1.11,5740,5890,1.00:1.03,4.86,,,1.33,[],[],[]
212,212,,0.78,0.85,638.655,12.52 - 13.29,1,11000,638.6556,12.61,11800,638.655,12.63,12300,638.6543,12.64,9170,638.6552,12.7,12100,1.00:1.04:0.78:1.02,11800,11200,1.00:0.95,12.65,,,1.32,[],[],[]
213,213,,0.74,4.23,834.753,16.48 - 16.98,1,26000,834.7526,16.66,21800,834.7531,16.65,27900,834.7535,16.69,23100,834.7527,16.68,30400,1.00:1.28:1.06:1.40,21800,27100,1.00:1.25,16.67,,,1.32,[],[],['Triacylglycerol (49:2)']
214,214,,0.88,1.84,480.5124,11.26 - 16.39,1,290000,480.5125,11.39,267000,480.5125,11.36,250000,480.5121,11.38,284000,480.5127,11.38,373000,1.00:0.94:1.06:1.40,267000,302000,1.00:1.13,11.38,,,1.31,[],[],[]
215,215,,0.32,0,626.2129,6.50 - 6.72,1,5400,-0,-0,-0,626.2134,6.59,4710,626.2123,6.55,4960,626.213,6.56,6500,-:1.00:1.05:1.38,-0,5390,-:1.00,6.57,,,1.31,[],[],[]
216,216,,1.13,2.59,906.258,14.08 - 19.25,1,1500000,906.2576,14.22,1370000,906.2584,14.24,1430000,906.2578,14.25,1460000,906.2582,14.23,1910000,1.00:1.05:1.07:1.39,1370000,1600000,1.00:1.17,14.24,,,1.31,[],[],[]
217,217,,0.38,0,1027.8617,18.61 - 20.15,1,35000,-0,-0,-0,1027.8627,19.52,34700,1027.8618,19.56,31100,1027.8606,19.51,40600,-:1.00:0.89:1.17,-0,35500,-:1.00,19.53,,,1.31,['Triacylglycerol (65:9)'],['Triacylglycerol (63:6)' 'Sphingomyelin (d56:4)'],[]
218,218,,0.75,8.45,490.3448,4.08 - 4.79,1,13000,490.3446,4.31,10100,490.3447,4.3,16100,490.3445,4.28,11800,490.3453,4.29,15400,1.00:1.60:1.18:1.53,10100,14500,1.00:1.44,4.3,,,1.31,['Hexosyl ceramide (d19:1)'],[],[]
219,219,,0.58,4.06,1258.797,6.09 - 6.56,1,2900,1258.7985,6.32,4310,1258.799,6.28,2210,1258.7949,6.28,2270,1258.7957,6.29,2960,1.00:0.51:0.53:0.69,4310,2480,1.00:0.58,6.29,,,1.3,[],[],['Ganglioside GA1 (d35:1)']
220,220,,0.75,0.55,884.7527,15.66 - 16.57,1,19000,884.7517,16.24,18000,884.7526,16.23,19800,884.7536,16.23,15800,884.7527,16.25,20500,1.00:1.09:0.88:1.14,18000,18700,1.00:1.04,16.24,,,1.3,['Phosphatidylcholine (O-44:2)'],[],[]
221,221,,0.65,3.88,962.735,3.26 - 3.59,1,4300,962.7334,3.41,3110,962.7355,3.44,4990,962.7371,3.48,4040,962.7341,3.43,5240,1.00:1.61:1.30:1.69,3110,4760,1.00:1.53,3.44,,,1.3,[],['Hexosyl ceramide (d52:7)'],[]
222,222,,0.66,0.86,846.7539,16.45 - 16.87,1,18000,846.7557,16.58,16400,846.7548,16.61,20300,846.7525,16.61,15200,846.7527,16.59,19700,1.00:1.24:0.93:1.20,16400,18400,1.00:1.12,16.6,,,1.3,[],[],['Triacylglycerol (50:3)']
223,223,,0.37,0,1336.4078,15.62 - 15.77,1,13000,-0,-0,-0,1336.4067,15.68,12000,1336.4083,15.64,12000,1336.4084,15.66,15500,-:1.00:1.00:1.29,-0,13200,-:1.00,15.66,,,1.29,[],[],[]
224,224,,0.6,0.45,576.5002,9.99 - 10.50,1,13000,576.5013,10.2,11900,576.4972,10.21,12300,576.5017,10.23,11500,576.5007,10.23,14800,1.00:1.03:0.96:1.24,11900,12900,1.00:1.08,10.22,,,1.29,['Ceramide (t36:4)'],['Ceramide (t34:1)'],['Monoalkylmonoacylglycerol (O-33:5)']
225,225,,0.73,0.87,686.5561,9.57 - 10.63,1,17000,686.5546,9.72,16500,686.5576,9.73,16500,686.5568,9.7,15600,686.5553,9.74,20000,1.00:1.00:0.95:1.22,16500,17400,1.00:1.06,9.72,,,1.28,['Hexosyl ceramide (d33:1)'],[],[]
226,226,,0.47,0.2,250.1183,19.71 - 21.65,1,7300,250.1182,21.07,7010,250.1185,21.07,5540,250.1184,21.12,7350,250.118,20.12,9410,1.00:0.79:1.05:1.34,7010,7430,1.00:1.06,20.85,,,1.28,[],[],[]
227,227,,0.34,0.76,712.6069,11.30 - 13.00,1,22000,712.6077,11.68,24900,-0,-0,-0,712.6078,11.87,17900,712.6052,11.47,22900,1.00:-:0.72:0.92,24900,20400,1.00:0.82,11.67,,,1.28,[],[],[]
228,228,,0.41,0.13,440.4457,3.59 - 4.16,1,14000,440.4456,3.69,13800,-0,-0,-0,440.446,3.66,12700,440.4456,3.68,16200,1.00:-:0.92:1.17,13800,14400,1.00:1.04,3.68,,,1.28,[],[],[]
229,229,,0.66,0.31,638.2694,8.06 - 8.51,1,6400,638.2687,8.12,6140,638.2701,8.16,6450,638.271,8.14,5630,638.2679,8.18,7180,1.00:1.05:0.92:1.17,6140,6420,1.00:1.05,8.15,,,1.28,[],[],[]
230,230,,0.83,1.41,518.3756,4.20 - 4.73,1,40000,518.3755,4.31,37800,518.3755,4.3,40200,518.3757,4.28,36300,518.3755,4.29,46200,1.00:1.06:0.96:1.22,37800,40900,1.00:1.08,4.3,,,1.27,['Hexosyl ceramide (d21:1)'],[],[]
231,231,,0.78,17.45,1199.7721,8.80 - 13.97,1,420000,1199.7715,8.94,271000,1199.7732,8.95,740000,1199.7715,8.93,288000,1199.7722,8.97,366000,1.00:2.73:1.06:1.35,271000,465000,1.00:1.71,8.95,,,1.27,['Phosphatidylglycerophosphate (62:12)'],['Phosphatidylglycerophosphate (60:9)'],[]
232,232,,0.81,5.93,459.4149,3.96 - 4.51,1,17000,459.4148,4.05,14100,459.4151,4.03,13700,459.415,4.02,17600,459.4147,4.07,22300,1.00:0.97:1.24:1.58,14100,17900,1.00:1.26,4.04,,,1.27,[],[],[]
233,233,,1.93,1.65,416.3728,3.90 - 4.57,1,9300000,416.3732,4.05,8540000,416.3734,4.03,8800000,416.3724,4.06,8690000,416.3724,4.07,11000000,1.00:1.03:1.02:1.29,8540000,9500000,1.00:1.11,4.05,,,1.27,['Ceramide (t24:0)'],[],[]
234,234,,0.95,3.34,469.5084,8.12 - 11.00,1,53000,469.5082,8.25,45100,469.5088,8.25,59600,469.5083,8.23,47500,469.5082,8.27,60100,1.00:1.32:1.05:1.33,45100,55800,1.00:1.24,8.25,,,1.27,[],[],[]
235,235,,0.81,7.93,567.4163,9.61 - 11.01,1,22000,567.4155,9.89,17400,567.4163,9.94,22000,567.4166,9.92,20900,567.4169,9.92,26400,1.00:1.26:1.20:1.51,17400,23100,1.00:1.32,9.92,,,1.26,['Sphingomyelin (t23:0)' 'Ceramide phosphoethanolamine (t26:0)'],[],"['Lysophosphatidylcholine (20:1)' 'Phosphatidylcholine (O-20:1)'
 'Phosphatidylethanolamine (O-23:1)' 'Hexosyl ceramide (t22:0)']"
236,236,,0.7,1.21,697.3593,2.78 - 3.77,1,21000,697.359,2.98,19700,697.3575,2.97,21400,697.3623,2.95,19000,697.3582,2.96,24000,1.00:1.09:0.96:1.22,19700,21500,1.00:1.09,2.97,,,1.26,[],[],[]
237,237,,0.8,6.48,1068.3472,16.16 - 16.42,1,41000,1068.3464,16.24,33900,1068.3469,16.23,50700,1068.3481,16.23,34400,1068.3472,16.21,43400,1.00:1.50:1.02:1.28,33900,42900,1.00:1.26,16.23,,,1.26,[],[],[]
238,238,,0.74,1.79,608.6336,8.67 - 9.41,1,6900,608.6328,8.81,6400,608.6339,8.77,6360,608.6337,8.75,6620,608.634,8.79,8340,1.00:0.99:1.03:1.30,6400,7110,1.00:1.11,8.78,,,1.26,[],[],[]
239,239,,0.65,0.78,1210.813,7.35 - 8.20,1,12000,1210.8123,7.77,10800,1210.8135,7.77,12300,1210.8118,7.79,10600,1210.8145,7.79,13300,1.00:1.14:0.98:1.23,10800,12100,1.00:1.11,7.78,,,1.25,['Ganglioside Gb3 (d48:6)'],[],[]
240,240,,0.89,1.01,355.3678,3.62 - 4.25,1,41000,355.368,3.74,38600,355.3678,3.77,38600,355.3677,3.75,38200,355.3678,3.77,47900,1.00:1.00:0.99:1.24,38600,41600,1.00:1.08,3.76,,,1.25,[],[],[]
241,241,,0.83,3.08,448.4352,4.45 - 4.98,1,18000,448.4351,4.58,19600,448.4355,4.57,15000,448.4352,4.55,15800,448.4352,4.56,19800,1.00:0.77:0.81:1.01,19600,16900,1.00:0.86,4.56,,,1.25,[],[],[]
242,242,,0.87,0.06,1355.8301,13.10 - 14.05,1,83000,1355.8271,13.2,82900,1355.8301,13.23,77300,1355.8328,13.24,76700,1355.8306,13.25,95900,1.00:0.93:0.93:1.16,82900,83300,1.00:1.01,13.23,,,1.25,[],[],[]
243,243,,0.89,2.37,473.3178,4.20 - 4.60,1,21000,473.3177,4.27,18300,473.3179,4.3,21500,473.3178,4.28,19000,473.3177,4.29,23700,1.00:1.17:1.04:1.29,18300,21400,1.00:1.17,4.29,,,1.25,[],[],[]
244,244,,0.79,2.93,457.2711,3.24 - 6.23,1,39000,457.2713,4.67,43100,457.2713,4.72,33200,457.2712,4.76,34900,457.2707,4.69,43400,1.00:0.77:0.81:1.01,43100,37100,1.00:0.86,4.71,,,1.24,[],[],"['Lysophosphatidylserine (O-13:1)' 'Phosphatidylcholine (11:0)'
 'Phosphatidylethanolamine (14:0)']"
245,245,,0.26,0.54,1099.9025,15.87 - 17.44,1,8700,1099.9012,16.54,9780,-0,-0,-0,1099.9033,17.02,7310,1099.9028,16.29,9050,1.00:-:0.75:0.92,9780,8180,1.00:0.84,16.62,,,1.24,[],['Monoalkyldiacylglycerol (O-70:12)'],[]
246,246,,0.89,2.92,870.7386,15.47 - 16.40,1,44000,870.7388,16.07,38000,870.7386,16.06,41800,870.7388,16.06,42600,870.7382,16.04,52700,1.00:1.10:1.12:1.39,38000,45700,1.00:1.20,16.06,,,1.24,['Phosphatidylcholine (O-43:2)' 'Phosphatidylethanolamine (O-46:2)'],[],['Phosphatidate (O-48:3)']
247,247,,0.84,1.13,804.2637,5.67 - 6.05,1,28000,804.264,5.74,26500,804.2634,5.76,27800,804.2637,5.75,25500,804.2635,5.76,31500,1.00:1.05:0.96:1.19,26500,28300,1.00:1.07,5.75,,,1.24,[],[],['Phosphatidylinositol bisphosphate (19:1)']
248,248,,0.35,0.04,923.3081,15.39 - 15.90,1,9200,923.3085,15.44,9110,-0,-0,-0,923.3075,15.43,8270,923.3083,15.45,10200,1.00:-:0.91:1.12,9110,9230,1.00:1.01,15.44,,,1.23,[],[],[]
249,249,,0.93,0.54,522.3504,4.98 - 9.16,1,60000,522.3506,5.07,61800,522.3508,5.1,56900,522.3501,5.08,54300,522.35,5.09,66900,1.00:0.92:0.88:1.08,61800,59300,1.00:0.96,5.08,,,1.23,"['Lysophosphatidylcholine (18:1)' 'Phosphatidylcholine (O-18:1)'
 'Phosphatidylethanolamine (O-21:1)']",[],['Phosphatidate (O-23:2)']
250,250,,0.27,0,635.8782,20.09 - 20.24,1,6500,-0,-0,-0,635.876,20.17,6420,635.8769,20.2,5830,635.8818,20.17,7180,-:1.00:0.91:1.12,-0,6470,-:1.00,20.18,,,1.23,[],[],[]
251,251,,0.75,1.82,624.417,7.57 - 9.36,1,11000,624.4167,7.68,10200,624.4166,7.68,9890,624.4171,7.7,10800,624.4177,7.7,13300,1.00:0.97:1.06:1.30,10200,11300,1.00:1.11,7.69,,,1.23,['Phosphatidylserine (O-25:0)'],[],[]
252,252,,0.74,0.16,605.4741,10.58 - 11.02,1,8100,605.4735,10.72,8220,605.4744,10.69,6880,605.4739,10.67,7850,605.4745,10.71,9630,1.00:0.84:0.96:1.17,8220,8120,1.00:0.99,10.7,,,1.23,['Sphingomyelin (d27:1)' 'Ceramide phosphoethanolamine (d30:1)'],[],['Hexosyl ceramide (d26:1)' 'Ceramide phosphate (d32:2)']
253,253,,1.11,2.64,736.5053,16.00 - 20.16,1,210000,736.505,18.59,184000,736.5054,18.65,232000,736.5057,18.78,188000,736.505,18.53,230000,1.00:1.26:1.02:1.25,184000,216000,1.00:1.17,18.64,,,1.22,['Phosphatidylserine (32:0)'],[],"['Phosphatidylglycerol (32:2)' 'Bismonoacylglycerolphosphate (32:2)'
 'Monohexosyldiacylglycerol (32:6)']"
254,254,,0.34,0,612.468,2.56 - 3.05,1,4200,-0,-0,-0,612.4681,2.83,4210,612.4685,2.82,3810,612.4674,2.82,4660,-:1.00:0.90:1.11,-0,4230,-:1.00,2.82,,,1.22,[],[],['Sphingomyelin (t25:0)' 'Ceramide phosphoethanolamine (t28:0)']
255,255,,0.86,3.43,638.5347,9.59 - 11.02,1,19000,638.5343,9.72,16200,638.5349,9.68,20200,638.535,9.7,17600,638.5345,9.7,21500,1.00:1.25:1.09:1.33,16200,19800,1.00:1.22,9.7,,,1.22,[],[],[]
256,256,,0.24,1.32,702.2126,12.06 - 14.97,1,11000,702.2127,13.2,8590,-0,-0,-0,702.2129,13.79,11300,702.2121,12.75,13800,1.00:-:1.31:1.61,8590,12500,1.00:1.46,13.25,,,1.22,[],[],[]
257,257,,0.99,0.25,726.4604,9.34 - 10.46,1,72000,726.4602,9.51,71300,726.4604,9.47,75000,726.4605,9.49,64600,726.4605,9.49,78600,1.00:1.05:0.91:1.10,71300,72700,1.00:1.02,9.49,,,1.22,[],['Phosphatidylserine (O-31:2)'],['Phosphatidylinositol (O-26:2)']
258,258,,0.76,11.56,768.6348,8.90 - 9.41,1,11000,768.6345,9.21,7670,768.6344,9.21,12100,768.6354,9.19,11100,768.6349,9.23,13500,1.00:1.57:1.45:1.76,7670,12200,1.00:1.59,9.21,,,1.22,['Hexosyl ceramide (d39:2)'],[],[]
259,259,,0.74,0,586.5398,11.30 - 12.91,1,26000,586.5398,11.6,26500,586.5395,11.61,22800,586.5401,11.59,25600,586.5399,11.59,31000,1.00:0.86:0.97:1.17,26500,26500,1.00:1.00,11.6,,,1.21,[],[],['Diacylglycerol (32:0)']
260,260,,0.9,1.67,787.6771,16.31 - 16.86,1,36000,787.6771,16.49,38800,787.6765,16.52,37500,787.6781,16.52,30000,787.6766,16.51,36300,1.00:0.97:0.77:0.93,38800,34600,1.00:0.89,16.51,,,1.21,['Triacylglycerol (47:3)' 'Sphingomyelin (d40:1)'],['Triacylglycerol (45:0)'],['Hexosyl ceramide (d39:1)']
261,261,,0.73,1.31,742.6036,3.50 - 4.28,1,11000,742.6042,3.83,10400,742.6036,3.77,10300,742.6031,3.75,10700,742.6036,3.76,12900,1.00:0.99:1.03:1.23,10400,11300,1.00:1.08,3.78,,,1.21,[],[],[]
262,262,,1.17,1.62,388.3414,3.90 - 9.06,1,2700000,388.3411,4.05,2490000,388.342,4.03,2590000,388.3412,4.06,2590000,388.3413,4.07,3120000,1.00:1.04:1.04:1.25,2490000,2760000,1.00:1.11,4.05,,,1.2,['Ceramide (t22:0)'],[],[]
263,263,,0.49,0.17,472.4358,2.92 - 10.67,1,200000,472.4356,5.65,197000,472.4362,5.67,197000,472.4358,5.67,192000,472.4355,5.67,231000,1.00:1.00:0.97:1.17,197000,206000,1.00:1.05,5.66,,,1.2,['Ceramide (t28:0)'],[],['Monoalkylmonoacylglycerol (O-25:1)']
264,264,,0.78,2.82,898.7696,15.94 - 16.56,1,24000,898.7702,16.41,21500,898.7688,16.44,21400,898.7703,16.4,24300,898.769,16.42,29200,1.00:1.00:1.13:1.36,21500,25000,1.00:1.16,16.42,,,1.2,['Phosphatidylethanolamine (O-48:2)'],[],['Phosphatidate (O-50:3)']
265,265,,0.46,0,360.3229,4.43 - 9.60,1,240000,-0,-0,-0,360.3229,4.57,249000,360.3229,4.55,221000,360.3228,4.6,265000,-:1.00:0.89:1.07,-0,245000,-:1.00,4.57,,,1.2,[],[],[]
266,266,,0.73,9.16,848.7695,16.44 - 17.12,1,50000,848.7694,16.82,64100,848.7695,16.82,43700,848.7699,16.81,42400,848.769,16.85,50700,1.00:0.68:0.66:0.79,64100,45600,1.00:0.71,16.83,,,1.2,[],[],['Triacylglycerol (50:2)']
