level_0,index,Peptide,Quality,Significance (-10lgP),m/z,RT range,z,Avg. Area,LIVER_N01_pos m/z,LIVER_N01_pos RT mean,LIVER_N01_pos Normalized Area,LIVER_P10_pos m/z,LIVER_P10_pos RT mean,LIVER_P10_pos Normalized Area,LIVER_N50_pos m/z,LIVER_N50_pos RT mean,LIVER_N50_pos Normalized Area,Sample Profile (Ratio),control Normalized Area,protein Normalized Area,Group Profile (Ratio),RT mean,Accession,PTM,Ratio N50/P10,[M+H]+,[M+Na]+,[M+NH4]+
0,0,,0.28,1.5,438.3786,1.16 - 7.55,1,9500000.0,438.3785,2.5,14100000.0,-0.0,-0.0,0.0,438.3786,2.55,14400000,1.00:0:1.02,14100000.0,7210000,1.00:0.51,2.53,,,#DIV/0!,[],[],[]
1,1,,0.24,0.04,419.315,4.21 - 9.75,1,6800000.0,419.3153,4.7,6690000.0,-0.0,-0.0,-0.0,419.3148,4.75,6860000,1.00:-:1.03,6690000.0,6860000,1.00:1.03,4.73,,,#VALUE!,[],[],[]
2,2,,0.38,0.05,630.5799,10.97 - 16.21,1,2500000.0,630.5802,11.21,2510000.0,-0.0,-0.0,-0.0,630.5795,11.18,2580000,1.00:-:1.03,2510000.0,2580000,1.00:1.03,11.19,,,#VALUE!,['Ceramide (d41:4)'],['Ceramide (d39:1)'],[]
3,3,,0.36,0.07,281.2946,15.05 - 20.32,1,2500000.0,281.2946,20.05,2480000.0,-0.0,-0.0,-0.0,281.2946,20.05,2570000,1.00:-:1.04,2480000.0,2570000,1.00:1.04,20.05,,,#VALUE!,[],[],[]
4,4,,0.23,8.14,529.4597,9.31 - 14.45,1,550000.0,529.4601,9.44,103000.0,-0.0,-0.0,-0.0,529.4592,9.45,991000,1.00:-:9.59,103000.0,991000,1.00:9.59,9.45,,,#VALUE!,[],[],[]
5,5,,0.42,1.68,1354.3683,16.70 - 18.50,1,340000.0,1354.3685,16.75,232000.0,-0.0,-0.0,-0.0,1354.3682,16.75,443000,1.00:-:1.91,232000.0,443000,1.00:1.91,16.75,,,#VALUE!,[],[],[]
6,6,,0.32,0.17,548.5031,3.28 - 8.05,1,160000.0,548.5028,8.01,153000.0,-0.0,-0.0,-0.0,548.5035,7.83,166000,1.00:-:1.09,153000.0,166000,1.00:1.09,7.92,,,#VALUE!,['Ceramide (d35:3)'],['Ceramide (d33:0)'],[]
7,7,,0.36,0.07,322.2583,20.01 - 22.00,1,160000.0,322.2583,21.18,160000.0,-0.0,-0.0,-0.0,322.2583,21.18,165000,1.00:-:1.04,160000.0,165000,1.00:1.04,21.18,,,#VALUE!,[],[],[]
8,8,,0.35,0.12,360.2378,19.72 - 22.00,1,130000.0,360.2379,21.18,126000.0,-0.0,-0.0,-0.0,360.2377,21.17,133000,1.00:-:1.06,126000.0,133000,1.00:1.06,21.18,,,#VALUE!,[],[],[]
9,9,,0.21,13.68,288.1803,19.92 - 21.63,1,44000.0,-0.0,-0.0,0.0,-0.0,-0.0,0.0,288.1803,20.98,133000,00:01.0,0.0,66700,00:01.0,20.98,,,#DIV/0!,[],[],[]
10,10,,0.27,0.65,429.2396,1.50 - 5.68,1,94000.0,429.2397,4.01,79500.0,-0.0,-0.0,-0.0,429.2395,3.96,109000,1.00:-:1.37,79500.0,109000,1.00:1.37,3.98,,,#VALUE!,[],[],['Phosphatidylcholine (9:0)' 'Phosphatidylethanolamine (12:0)']
11,11,,0.35,0.51,852.2495,6.94 - 7.31,1,83000.0,852.2495,7.0,73500.0,-0.0,-0.0,-0.0,852.2494,7.03,92900,1.00:-:1.26,73500.0,92900,1.00:1.26,7.02,,,#VALUE!,[],[],[]
12,12,,0.32,0.11,478.3008,20.22 - 22.00,1,83000.0,478.3007,21.18,80500.0,-0.0,-0.0,-0.0,478.3009,21.2,85200,1.00:-:1.06,80500.0,85200,1.00:1.06,21.19,,,#VALUE!,['Lysophosphatidylethanolamine (18:2)'],[],['Lysophosphatidate (20:3)' 'Phosphatidate (O-20:3)']
13,13,,0.29,1.02,533.4547,17.60 - 20.17,1,62000.0,533.4546,18.98,47400.0,-0.0,-0.0,-0.0,533.4549,18.92,76500,1.00:-:1.62,47400.0,76500,1.00:1.62,18.95,,,#VALUE!,['Monoalkylmonoacylglycerol (O-31:4)'],['Monoalkylmonoacylglycerol (O-29:1)'],[]
14,14,,0.23,1.79,533.4552,13.57 - 17.76,1,49000.0,533.4545,15.02,33800.0,-0.0,-0.0,-0.0,533.456,14.84,63500,1.00:-:1.88,33800.0,63500,1.00:1.88,14.93,,,#VALUE!,['Monoalkylmonoacylglycerol (O-31:4)'],['Monoalkylmonoacylglycerol (O-29:1)'],[]
15,15,,0.31,0.03,476.2855,20.09 - 22.00,1,63000.0,476.2855,21.2,63700.0,-0.0,-0.0,-0.0,476.2856,21.2,62700,1.00:-:0.98,63700.0,62700,1.00:0.98,21.2,,,#VALUE!,['Lysophosphatidylethanolamine (18:3)'],[],['Lysophosphatidate (20:4)']
16,16,,0.3,0.76,927.2673,8.27 - 8.84,1,44000.0,927.2678,8.36,36300.0,-0.0,-0.0,-0.0,927.2669,8.36,51800,1.00:-:1.43,36300.0,51800,1.00:1.43,8.36,,,#VALUE!,[],[],[]
17,17,,0.32,0.34,407.2693,1.75 - 3.07,1,42000.0,407.2693,2.42,38300.0,-0.0,-0.0,-0.0,407.2693,2.33,45000,1.00:-:1.17,38300.0,45000,1.00:1.17,2.37,,,#VALUE!,[],[],[]
18,18,,0.26,0.29,488.3578,0.11 - 4.57,1,41000.0,488.3575,1.47,38400.0,-0.0,-0.0,-0.0,488.3581,1.49,44400,1.00:-:1.16,38400.0,44400,1.00:1.16,1.48,,,#VALUE!,[],[],[]
19,19,,0.29,0.42,779.2308,5.68 - 6.05,1,39000.0,779.2303,5.77,34800.0,-0.0,-0.0,-0.0,779.2312,5.78,42900,1.00:-:1.23,34800.0,42900,1.00:1.23,5.77,,,#VALUE!,[],[],[]
20,20,,0.27,1.01,510.1854,1.86 - 3.07,1,32000.0,510.1853,2.51,24200.0,-0.0,-0.0,-0.0,510.1854,2.6,38900,1.00:-:1.61,24200.0,38900,1.00:1.61,2.56,,,#VALUE!,[],[],[]
21,21,,0.23,1.66,716.6907,17.89 - 20.09,1,30000.0,716.6906,18.6,21000.0,-0.0,-0.0,-0.0,716.6909,18.41,38500,1.00:-:1.84,21000.0,38500,1.00:1.84,18.51,,,#VALUE!,[],['Ceramide (d45:0)'],[]
22,22,,0.24,2.69,1277.8503,18.38 - 18.47,1,24000.0,1277.8502,18.42,12000.0,-0.0,-0.0,-0.0,1277.8503,18.39,35000,1.00:-:2.93,12000.0,35000,1.00:2.93,18.4,,,#VALUE!,[],[],[]
23,23,,0.23,12.45,1378.3931,16.71 - 16.83,1,11000.0,-0.0,-0.0,0.0,-0.0,-0.0,0.0,1378.3931,16.78,32000,00:01.0,0.0,16000,00:01.0,16.78,,,#DIV/0!,[],[],[]
24,24,,0.26,1.24,1203.8334,18.33 - 18.50,1,22000.0,1203.8337,18.33,15900.0,-0.0,-0.0,-0.0,1203.833,18.35,28100,1.00:-:1.77,15900.0,28100,1.00:1.77,18.34,,,#VALUE!,['Ganglioside GM4 (d50:7)'],[],['Sulfodihexosyl ceramide (d52:5)']
25,25,,0.26,9.19,1128.8142,18.27 - 18.35,1,8800.0,-0.0,-0.0,0.0,-0.0,-0.0,0.0,1128.8142,18.27,26400,00:01.0,0.0,13200,00:01.0,18.27,,,#DIV/0!,[],[],[]
26,26,,0.26,0.13,698.5904,11.22 - 12.43,1,26000.0,698.5908,11.58,24600.0,-0.0,-0.0,-0.0,698.5899,11.62,26400,1.00:-:1.07,24600.0,26400,1.00:1.07,11.6,,,#VALUE!,[],[],[]
27,27,,0.2,1.0,266.1594,20.64 - 22.00,1,20000.0,266.1588,21.36,16300.0,-0.0,-0.0,-0.0,266.1599,21.29,24600,1.00:-:1.51,16300.0,24600,1.00:1.51,21.32,,,#VALUE!,[],[],[]
28,28,,0.29,0.31,480.3892,1.80 - 3.37,1,23000.0,480.3893,3.06,20900.0,-0.0,-0.0,-0.0,480.3891,3.02,24500,1.00:-:1.17,20900.0,24500,1.00:1.17,3.04,,,#VALUE!,[],[],[]
29,29,,0.26,0.24,922.3091,15.44 - 15.77,1,22000.0,922.3087,15.48,20300.0,-0.0,-0.0,-0.0,922.3094,15.44,23000,1.00:-:1.13,20300.0,23000,1.00:1.13,15.46,,,#VALUE!,[],[],[]
30,30,,0.26,0.59,419.315,20.79 - 22.00,1,27000.0,419.3151,21.42,30500.0,-0.0,-0.0,-0.0,419.3149,21.56,22900,1.00:-:0.75,30500.0,22900,1.00:0.75,21.49,,,#VALUE!,[],[],[]
31,31,,0.22,0.35,564.1969,0.00 - 3.32,1,23000.0,564.1971,2.38,25100.0,-0.0,-0.0,-0.0,564.1967,1.94,21700,1.00:-:0.86,25100.0,21700,1.00:0.86,2.16,,,#VALUE!,[],[],[]
32,32,,0.27,1.18,459.4146,3.96 - 4.49,1,17000.0,459.4147,4.04,12300.0,-0.0,-0.0,-0.0,459.4145,4.05,21200,1.00:-:1.73,12300.0,21200,1.00:1.73,4.04,,,#VALUE!,[],[],[]
33,33,,0.25,0.99,607.3867,13.83 - 16.75,1,26000.0,607.3866,15.28,32400.0,-0.0,-0.0,-0.0,607.3867,15.1,20100,1.00:-:0.62,32400.0,20100,1.00:0.62,15.19,,,#VALUE!,[],[],[]
34,34,,0.27,0.35,974.8124,20.05 - 20.26,1,18000.0,974.813,20.17,16700.0,-0.0,-0.0,-0.0,974.8119,20.17,20000,1.00:-:1.19,16700.0,20000,1.00:1.19,20.17,,,#VALUE!,['Phosphatidylserine (O-50:0)'],[],['Triacylglycerol (60:9)' 'Sphingomyelin (d53:7)']
35,35,,0.2,6.14,710.3936,6.67 - 9.36,1,11000.0,710.3938,7.27,3160.0,-0.0,-0.0,-0.0,710.3933,6.8,19500,1.00:-:6.17,3160.0,19500,1.00:6.17,7.04,,,#VALUE!,['Phosphatidylserine (31:6)'],[],['Phosphatidylinositol (24:3)']
36,36,,0.2,0.03,934.6393,16.83 - 18.27,1,19000.0,934.6373,17.27,18700.0,-0.0,-0.0,-0.0,934.6414,17.47,19000,1.00:-:1.02,18700.0,19000,1.00:1.02,17.37,,,#VALUE!,['Phosphatidylcholine (48:12)'],['Phosphatidylcholine (46:9)'],['Phosphatidylinositol (40:3)' 'Dihexosyldiacylglycerol (34:2)']
37,37,,0.22,2.21,594.5081,8.97 - 11.01,1,13000.0,594.5081,9.36,8240.0,-0.0,-0.0,-0.0,594.5081,9.36,17800,1.00:-:2.16,8240.0,17800,1.00:2.16,9.36,,,#VALUE!,[],[],['Diacylglycerol (33:3)']
38,38,,0.26,0.75,1292.4028,16.95 - 17.09,1,14000.0,1292.4025,16.95,11300.0,-0.0,-0.0,-0.0,1292.4031,16.96,16400,1.00:-:1.45,11300.0,16400,1.00:1.45,16.96,,,#VALUE!,[],[],[]
39,39,,0.25,1.27,504.425,3.99 - 4.31,1,12000.0,504.425,4.08,8560.0,-0.0,-0.0,-0.0,504.4251,4.05,15500,1.00:-:1.81,8560.0,15500,1.00:1.81,4.06,,,#VALUE!,[],[],[]
40,40,,0.25,0.61,556.5287,8.57 - 9.49,1,13000.0,556.5284,8.92,11400.0,-0.0,-0.0,-0.0,556.5289,9.06,15400,1.00:-:1.35,11400.0,15400,1.00:1.35,8.99,,,#VALUE!,['Ceramide (t34:0)'],[],['Monoalkylmonoacylglycerol (O-31:1)']
41,41,,0.27,0.25,776.8059,19.51 - 20.22,1,16000.0,776.8062,20.22,17300.0,-0.0,-0.0,-0.0,776.8057,20.22,15300,1.00:-:0.88,17300.0,15300,1.00:0.88,20.22,,,#VALUE!,[],[],[]
42,42,,0.28,9.37,1453.4116,16.92 - 17.05,1,5000.0,-0.0,-0.0,0.0,-0.0,-0.0,0.0,1453.4116,16.96,15100,00:01.0,0.0,7570,00:01.0,16.96,,,#DIV/0!,[],[],[]
43,43,,0.41,0.69,1297.3618,14.08 - 14.30,1,8300.0,1297.3628,14.13,10100.0,-0.0,-0.0,0.0,1297.3607,14.13,15000,1.00:0:1.49,10100.0,7480,1.00:0.74,14.13,,,#DIV/0!,[],[],[]
44,44,,0.31,9.65,1323.8657,17.72 - 17.81,1,4800.0,-0.0,-0.0,0.0,-0.0,-0.0,0.0,1323.8657,17.76,14300,00:01.0,0.0,7160,00:01.0,17.76,,,#DIV/0!,['Phosphatidylinositol monophosphate (64:8)'],['Phosphatidylinositol monophosphate (62:5)'],[]
45,45,,0.23,1.0,972.7693,15.10 - 15.94,1,11000.0,972.7689,15.69,8650.0,-0.0,-0.0,-0.0,972.7697,15.56,13400,1.00:-:1.54,8650.0,13400,1.00:1.54,15.63,,,#VALUE!,['Phosphatidylcholine (O-51:7)' 'Phosphatidylethanolamine (O-54:7)'],['Phosphatidylcholine (O-49:4)' 'Phosphatidylethanolamine (O-52:4)'],['Phosphatidate (O-56:8)']
46,46,,0.25,0.57,494.4408,3.42 - 4.22,1,11000.0,494.4407,3.68,9750.0,-0.0,-0.0,-0.0,494.441,3.69,13000,1.00:-:1.33,9750.0,13000,1.00:1.33,3.69,,,#VALUE!,[],[],[]
47,47,,0.31,9.65,1381.3992,18.10 - 18.43,1,4100.0,-0.0,-0.0,0.0,-0.0,-0.0,0.0,1381.3992,18.22,12300,00:01.0,0.0,6170,00:01.0,18.22,,,#DIV/0!,[],[],[]
48,48,,0.26,0.37,550.6266,9.61 - 10.58,1,11000.0,550.6268,9.69,10100.0,-0.0,-0.0,-0.0,550.6264,9.7,12300,1.00:-:1.21,10100.0,12300,1.00:1.21,9.69,,,#VALUE!,[],[],[]
49,49,,0.24,0.27,719.7372,15.48 - 16.11,1,13000.0,719.7382,15.61,13500.0,-0.0,-0.0,-0.0,719.7361,15.61,11700,1.00:-:0.87,13500.0,11700,1.00:0.87,15.61,,,#VALUE!,[],[],[]
50,50,,0.34,10.28,1543.9436,18.56 - 18.59,1,3800.0,-0.0,-0.0,0.0,-0.0,-0.0,0.0,1543.9436,18.55,11400,00:01.0,0.0,5690,00:01.0,18.55,,,#DIV/0!,[],[],[]
51,51,,0.2,0.01,457.271,17.17 - 18.29,1,11000.0,457.271,17.75,11000.0,-0.0,-0.0,-0.0,457.2711,17.47,11100,1.00:-:1.01,11000.0,11100,1.00:1.01,17.61,,,#VALUE!,[],[],"['Lysophosphatidylserine (O-13:1)' 'Phosphatidylcholine (11:0)'
 'Phosphatidylethanolamine (14:0)']"
52,52,,0.33,10.34,1010.304,14.97 - 15.05,1,3500.0,-0.0,-0.0,0.0,-0.0,-0.0,0.0,1010.304,15.01,10600,00:01.0,0.0,5280,00:01.0,15.01,,,#DIV/0!,[],[],[]
53,53,,0.24,0.21,490.3444,4.04 - 4.66,1,11000.0,490.3442,4.3,11600.0,-0.0,-0.0,-0.0,490.3445,4.31,10500,1.00:-:0.90,11600.0,10500,1.00:0.90,4.3,,,#VALUE!,['Hexosyl ceramide (d19:1)'],[],[]
54,54,,0.32,0.31,1231.8776,11.09 - 11.71,1,4900.0,1231.8783,11.44,4410.0,-0.0,-0.0,0.0,1231.877,11.47,10200,1.00:0:2.32,4410.0,5110,1.00:1.16,11.46,,,#DIV/0!,[],[],[]
55,55,,0.26,0.3,471.4512,4.48 - 4.79,1,9200.0,471.4512,4.57,8510.0,-0.0,-0.0,-0.0,471.4513,4.57,9940,1.00:-:1.17,8510.0,9940,1.00:1.17,4.57,,,#VALUE!,[],[],['Ceramide (d28:1)']
56,56,,0.27,9.2,1435.3923,17.97 - 18.06,1,3300.0,-0.0,-0.0,0.0,-0.0,-0.0,0.0,1435.3923,17.97,9920,00:01.0,0.0,4960,00:01.0,17.97,,,#DIV/0!,[],[],[]
57,57,,0.21,0.28,791.4962,9.40 - 10.18,1,10000.0,791.4969,9.48,10700.0,-0.0,-0.0,-0.0,791.4955,9.53,9550,1.00:-:0.90,10700.0,9550,1.00:0.90,9.51,,,#VALUE!,[],['Lysophosphatidylinositol (30:0)' 'Phosphatidylinositol (O-30:0)'],[]
58,58,,0.2,0.38,829.8118,19.76 - 20.22,1,8800.0,829.8134,20.13,8040.0,-0.0,-0.0,-0.0,829.8102,20.17,9500,1.00:-:1.18,8040.0,9500,1.00:1.18,20.15,,,#VALUE!,[],[],['Ceramide (d54:4)']
59,59,,0.2,3.7,407.335,14.17 - 14.84,1,5700.0,407.335,14.55,2540.0,-0.0,-0.0,-0.0,407.335,14.6,8810,1.00:-:3.46,2540.0,8810,1.00:3.46,14.57,,,#VALUE!,[],[],[]
60,60,,0.27,9.2,804.7084,16.92 - 17.30,1,2800.0,-0.0,-0.0,0.0,-0.0,-0.0,0.0,804.7084,17.13,8380,00:01.0,0.0,4190,00:01.0,17.13,,,#DIV/0!,[],[],['Triacylglycerol (47:3)']
61,61,,0.21,4.75,464.1261,5.59 - 9.36,1,20000.0,464.1259,7.48,31400.0,-0.0,-0.0,-0.0,464.1263,7.71,8220,1.00:-:0.26,31400.0,8220,1.00:0.26,7.59,,,#VALUE!,[],[],[]
62,62,,0.25,0.46,703.8658,20.01 - 20.22,1,7300.0,703.8657,20.18,6450.0,-0.0,-0.0,-0.0,703.866,20.17,8110,1.00:-:1.26,6450.0,8110,1.00:1.26,20.18,,,#VALUE!,[],[],[]
63,63,,0.24,0.2,652.4495,7.09 - 7.40,1,7600.0,652.4496,7.18,7200.0,-0.0,-0.0,-0.0,652.4493,7.21,7940,1.00:-:1.10,7200.0,7940,1.00:1.10,7.19,,,#VALUE!,['Phosphatidylserine (O-27:0)'],[],[]
64,64,,0.25,0.21,522.5962,8.22 - 8.66,1,7500.0,522.5966,8.32,7060.0,-0.0,-0.0,-0.0,522.5958,8.31,7860,1.00:-:1.11,7060.0,7860,1.00:1.11,8.31,,,#VALUE!,[],[],[]
65,65,,0.46,0.63,1485.4451,16.20 - 16.32,1,4200.0,1485.4448,16.25,4880.0,-0.0,-0.0,0.0,1485.4453,16.24,7770,1.00:0:1.59,4880.0,3880,1.00:0.80,16.25,,,#DIV/0!,[],[],[]
66,66,,0.23,0.8,730.5672,2.15 - 3.46,1,9300.0,730.567,3.01,10900.0,-0.0,-0.0,-0.0,730.5674,2.8,7730,1.00:-:0.71,10900.0,7730,1.00:0.71,2.91,,,#VALUE!,['Phosphatidylcholine (O-33:2)' 'Phosphatidylethanolamine (O-36:2)'],[],['Phosphatidate (O-38:3)']
67,67,,0.21,0.1,293.1353,19.92 - 20.34,1,7500.0,293.1354,19.96,7390.0,-0.0,-0.0,-0.0,293.1351,20.17,7680,1.00:-:1.04,7390.0,7680,1.00:1.04,20.07,,,#VALUE!,[],[],[]
68,68,,0.29,8.89,769.6713,17.05 - 17.47,1,2400.0,-0.0,-0.0,0.0,-0.0,-0.0,0.0,769.6713,17.17,7090,00:01.0,0.0,3540,00:01.0,17.17,,,#DIV/0!,['Monoalkyldiacylglycerol (O-47:5)'],['Monoalkyldiacylglycerol (O-45:2)'],[]
69,69,,0.25,0.1,502.4465,5.64 - 6.08,1,6900.0,502.4464,5.81,6710.0,-0.0,-0.0,-0.0,502.4465,5.82,7090,1.00:-:1.06,6710.0,7090,1.00:1.06,5.82,,,#VALUE!,[],[],['Diacylglycerol (26:0)']
70,70,,0.21,0.46,763.3977,2.79 - 3.24,1,6300.0,763.3982,2.97,5760.0,-0.0,-0.0,-0.0,763.3972,2.98,6860,1.00:-:1.19,5760.0,6860,1.00:1.19,2.98,,,#VALUE!,[],[],['Sulfodihexosyl ceramide (d20:1)']
71,71,,0.22,0.0,670.5975,13.96 - 14.80,1,6700.0,670.598,14.21,6680.0,-0.0,-0.0,-0.0,670.5969,14.25,6700,1.00:-:1.00,6680.0,6700,1.00:1.00,14.23,,,#VALUE!,[],[],['Triacylglycerol (37:0)']
72,72,,0.22,0.07,626.2139,6.52 - 6.78,1,6600.0,626.2138,6.56,6470.0,-0.0,-0.0,-0.0,626.214,6.58,6680,1.00:-:1.03,6470.0,6680,1.00:1.03,6.57,,,#VALUE!,[],[],[]
73,73,,0.25,0.47,760.5778,2.10 - 3.07,1,6900.0,760.5779,2.59,7700.0,-0.0,-0.0,-0.0,760.5778,2.55,6090,1.00:-:0.79,7700.0,6090,1.00:0.79,2.57,,,#VALUE!,"['Phosphatidylcholine (34:1)' 'Phosphatidylethanolamine (37:1)'
 'Hexosyl ceramide (d39:6)']",['Hexosyl ceramide (d37:3)'],['Phosphatidate (39:2)' 'Diacylglycerol (46:11)']
74,74,,0.21,0.12,849.291,14.80 - 15.01,1,6200.0,849.2899,14.84,6360.0,-0.0,-0.0,-0.0,849.2921,14.88,6060,1.00:-:0.95,6360.0,6060,1.00:0.95,14.86,,,#VALUE!,[],[],[]
75,75,,0.24,1.48,964.9248,18.04 - 18.29,1,8600.0,964.9254,18.21,11300.0,-0.0,-0.0,-0.0,964.9242,18.22,5950,1.00:-:0.53,11300.0,5950,1.00:0.53,18.22,,,#VALUE!,[],[],['Triacylglycerol (58:0)']
76,76,,0.28,9.37,1501.3794,16.20 - 16.37,1,1900.0,-0.0,-0.0,0.0,-0.0,-0.0,0.0,1501.3794,16.24,5750,00:01.0,0.0,2880,00:01.0,16.24,,,#DIV/0!,[],[],[]
77,77,,0.24,1.65,591.4949,11.33 - 11.75,1,8800.0,591.495,11.67,11900.0,-0.0,-0.0,-0.0,591.4948,11.62,5710,1.00:-:0.48,11900.0,5710,1.00:0.48,11.64,,,#VALUE!,['Diacylglycerol (34:3)'],['Diacylglycerol (32:0)'],[]
78,78,,0.25,0.0,560.3591,3.59 - 3.99,1,5600.0,560.3594,3.68,5580.0,-0.0,-0.0,-0.0,560.3589,3.69,5580,1.00:-:1.00,5580.0,5580,1.00:1.00,3.69,,,#VALUE!,[],"['Lysophosphatidylcholine (19:0)' 'Lysophosphatidylethanolamine (22:0)'
 'Phosphatidylcholine (O-19:0)' 'Phosphatidylethanolamine (O-22:0)']",[]
79,79,,0.22,1.3,650.6801,10.40 - 10.97,1,4400.0,650.6804,10.52,3360.0,-0.0,-0.0,-0.0,650.6797,10.49,5510,1.00:-:1.64,3360.0,5510,1.00:1.64,10.51,,,#VALUE!,[],[],[]
80,80,,0.23,1.98,666.6024,7.49 - 8.09,1,8800.0,666.602,7.57,12000.0,-0.0,-0.0,-0.0,666.6028,7.61,5510,1.00:-:0.46,12000.0,5510,1.00:0.46,7.59,,,#VALUE!,[],[],['Diacylglycerol (38:2)']
81,81,,0.26,9.35,908.238,10.22 - 10.49,1,1800.0,-0.0,-0.0,0.0,-0.0,-0.0,0.0,908.238,10.4,5310,00:01.0,0.0,2650,00:01.0,10.4,,,#DIV/0!,[],[],['Phosphatidylinositol trisphosphate (21:3)']
82,82,,0.21,12.8,1056.2771,12.77 - 12.98,1,1700.0,-0.0,-0.0,0.0,-0.0,-0.0,0.0,1056.2771,12.86,5220,00:01.0,0.0,2610,00:01.0,12.86,,,#DIV/0!,[],[],[]
83,83,,0.22,0.19,727.274,2.85 - 3.19,1,4800.0,727.2745,2.97,4650.0,-0.0,-0.0,-0.0,727.2734,2.98,5040,1.00:-:1.09,4650.0,5040,1.00:1.09,2.97,,,#VALUE!,[],[],[]
84,84,,0.23,1.17,855.247,6.94 - 7.12,1,4000.0,855.2469,7.0,3060.0,-0.0,-0.0,-0.0,855.2471,7.03,4960,1.00:-:1.62,3060.0,4960,1.00:1.62,7.02,,,#VALUE!,[],[],[]
85,85,,0.26,9.19,935.2858,14.21 - 14.29,1,1600.0,-0.0,-0.0,0.0,-0.0,-0.0,0.0,935.2858,14.25,4880,00:01.0,0.0,2440,00:01.0,14.25,,,#DIV/0!,[],[],[]
86,86,,0.29,8.83,1131.2944,13.91 - 14.13,1,1500.0,-0.0,-0.0,0.0,-0.0,-0.0,0.0,1131.2944,13.96,4470,00:01.0,0.0,2230,00:01.0,13.96,,,#DIV/0!,[],[],[]
87,87,,0.22,0.14,771.8531,20.13 - 20.22,1,4300.0,771.8522,20.18,4120.0,-0.0,-0.0,-0.0,771.8539,20.18,4380,1.00:-:1.06,4120.0,4380,1.00:1.06,20.18,,,#VALUE!,[],[],[]
88,88,,0.2,1.52,602.5135,8.09 - 8.40,1,3200.0,602.5139,8.18,2310.0,-0.0,-0.0,-0.0,602.5131,8.18,4050,1.00:-:1.75,2310.0,4050,1.00:1.75,8.18,,,#VALUE!,['Ceramide (t38:5)'],['Ceramide (t36:2)'],['Monoalkylmonoacylglycerol (O-35:6)']
89,89,,0.45,12.54,841.7239,16.79 - 17.11,1,44000.0,841.7245,16.91,128000.0,-0.0,-0.0,0.0,841.7233,16.94,4040,1.00:0:0.03,128000.0,2020,1.00:0.02,16.92,,,#DIV/0!,['Triacylglycerol (51:4)' 'Sphingomyelin (d44:2)'],['Triacylglycerol (49:1)'],['Hexosyl ceramide (d43:2)']
90,90,,0.22,1.15,520.4932,6.48 - 6.85,1,5200.0,520.4935,6.61,6300.0,-0.0,-0.0,-0.0,520.4929,6.63,4040,1.00:-:0.64,6300.0,4040,1.00:0.64,6.62,,,#VALUE!,[],[],[]
91,91,,0.27,9.05,995.3188,17.81 - 17.89,1,1300.0,-0.0,-0.0,0.0,-0.0,-0.0,0.0,995.3188,17.84,3890,00:01.0,0.0,1950,00:01.0,17.84,,,#DIV/0!,[],[],[]
92,92,,0.22,1.14,694.6185,7.18 - 7.74,1,4800.0,694.6182,7.49,5840.0,-0.0,-0.0,-0.0,694.6188,7.52,3790,1.00:-:0.65,5840.0,3790,1.00:0.65,7.5,,,#VALUE!,['Ceramide (d46:7)'],['Ceramide (d44:4)'],[]
93,93,,0.27,9.05,809.6642,17.00 - 17.26,1,1200.0,-0.0,-0.0,0.0,-0.0,-0.0,0.0,809.6642,17.05,3650,00:01.0,0.0,1820,00:01.0,17.05,,,#DIV/0!,['Triacylglycerol (49:6)'],['Triacylglycerol (47:3)'],[]
94,94,,0.24,0.82,636.576,6.94 - 7.31,1,4300.0,636.576,7.22,5050.0,-0.0,-0.0,-0.0,636.576,7.21,3480,1.00:-:0.69,5050.0,3480,1.00:0.69,7.21,,,#VALUE!,[],[],[]
95,95,,0.23,0.5,624.5401,4.66 - 4.84,1,2900.0,624.5403,4.7,2630.0,-0.0,-0.0,-0.0,624.5399,4.71,3210,1.00:-:1.22,2630.0,3210,1.00:1.22,4.7,,,#VALUE!,['Ceramide (d41:7)'],['Ceramide (d39:4)'],[]
96,96,,0.26,9.03,916.7428,10.31 - 10.62,1,1000.0,-0.0,-0.0,0.0,-0.0,-0.0,0.0,916.7428,10.36,3130,00:01.0,0.0,1570,00:01.0,10.36,,,#DIV/0!,['Phosphatidylserine (O-46:1)' 'Ceramide phosphate (d56:6)'],[],['Triacylglycerol (56:10)']
97,97,,0.21,1.99,769.7506,15.99 - 16.24,1,4600.0,769.7515,16.11,6100.0,-0.0,-0.0,-0.0,769.7498,16.08,3100,1.00:-:0.51,6100.0,3100,1.00:0.51,16.1,,,#VALUE!,[],[],[]
98,98,,0.2,0.67,668.4435,5.82 - 6.18,1,2400.0,668.444,5.86,2100.0,-0.0,-0.0,-0.0,668.443,5.87,2740,1.00:-:1.30,2100.0,2740,1.00:1.30,5.86,,,#VALUE!,[],[],['Phosphatidylglycerol (27:1)' 'Bismonoacylglycerolphosphate (27:1)']
99,99,,0.26,9.19,1145.344,14.93 - 15.10,1,862.2,-0.0,-0.0,0.0,-0.0,-0.0,0.0,1145.344,15.05,2590,00:01.0,0.0,1290,00:01.0,15.05,,,#DIV/0!,[],[],[]
100,100,,0.21,0.95,686.5577,6.74 - 6.89,1,2200.0,686.5579,6.78,1820.0,-0.0,-0.0,-0.0,686.5575,6.8,2590,1.00:-:1.42,1820.0,2590,1.00:1.42,6.79,,,#VALUE!,['Hexosyl ceramide (d33:1)'],[],[]
101,101,,0.26,9.03,744.1676,10.58 - 10.88,1,780.3,-0.0,-0.0,0.0,-0.0,-0.0,0.0,744.1676,10.71,2340,00:01.0,0.0,1170,00:01.0,10.71,,,#DIV/0!,[],[],[]
102,102,,0.26,9.03,724.108,5.73 - 5.87,1,746.0,-0.0,-0.0,0.0,-0.0,-0.0,0.0,724.108,5.78,2240,00:01.0,0.0,1120,00:01.0,5.78,,,#DIV/0!,[],[],[]
103,103,,0.21,0.98,668.2623,10.35 - 10.52,1,2300.0,668.2624,10.43,2710.0,-0.0,-0.0,-0.0,668.2622,10.42,1910,1.00:-:0.70,2710.0,1910,1.00:0.70,10.43,,,#VALUE!,[],[],[]
104,104,,0.24,9.67,908.2365,10.84 - 10.92,1,617.4,-0.0,-0.0,0.0,-0.0,-0.0,0.0,908.2365,10.88,1850,00:01.0,0.0,926,00:01.0,10.88,,,#DIV/0!,[],[],['Phosphatidylinositol trisphosphate (21:3)']
105,105,,0.21,12.83,617.3762,14.51 - 14.71,1,602.3,-0.0,-0.0,0.0,-0.0,-0.0,0.0,617.3762,14.55,1810,00:01.0,0.0,903,00:01.0,14.55,,,#DIV/0!,['Lysophosphatidylglycerol (26:4)'],['Lysophosphatidylglycerol (24:1)'],[]
106,106,,0.48,1.24,578.5146,10.91 - 11.01,1,970.8,578.5146,10.96,1250.0,-0.0,-0.0,0.0,578.5146,10.97,1670,1.00:0:1.34,1250.0,833,1.00:0.67,10.96,,,#DIV/0!,['Ceramide (t36:3)'],['Ceramide (t34:0)'],['Monoalkylmonoacylglycerol (O-33:4)']
107,107,,0.24,9.31,1132.2903,14.38 - 14.46,1,477.9,-0.0,-0.0,0.0,-0.0,-0.0,0.0,1132.2903,14.42,1430,00:01.0,0.0,717,00:01.0,14.42,,,#DIV/0!,[],[],[]
108,108,,0.26,0.28,388.2682,6.71 - 14.88,1,170000.0,388.2682,12.57,156000.0,388.2682,12.05,34300.0,388.2681,11.71,327000,1.00:0.22:2.09,156000.0,181000,1.00:1.15,12.11,,,9.53,[],[],[]
109,109,,0.35,0.81,607.3888,15.73 - 19.92,1,48000.0,607.3894,17.79,59900.0,607.391,17.94,9230.0,607.386,18.41,75000,1.00:0.15:1.25,59900.0,42100,1.00:0.70,18.05,,,8.13,[],[],[]
110,110,,0.54,8.16,585.4474,7.92 - 14.45,1,540000.0,585.4473,9.44,166000.0,585.4478,9.42,192000.0,585.4473,9.45,1250000,1.00:1.16:7.55,166000.0,722000,1.00:4.35,9.44,,,6.51,['Diacylglycerol (34:6)'],['Diacylglycerol (32:3)'],[]
111,111,,0.56,5.03,264.1692,0.49 - 2.50,1,12000.0,264.1692,2.25,6220.0,264.1688,1.44,5680.0,264.1695,1.99,24900,1.00:0.91:4.00,6220.0,15300,1.00:2.46,1.89,,,4.38,[],[],[]
112,112,,0.55,0.51,1226.8041,9.92 - 11.05,1,5400.0,1226.8025,10.79,4870.0,1226.8057,10.38,2370.0,1226.8042,10.66,8850,1.00:0.49:1.82,4870.0,5610,1.00:1.15,10.61,,,3.73,[],[],['Ganglioside GM3 (d38:1)']
113,113,,0.44,0.64,279.2358,20.57 - 21.86,1,5500.0,279.236,20.96,4600.0,279.2351,21.54,2600.0,279.2363,20.81,9340,1.00:0.57:2.03,4600.0,5970,1.00:1.30,21.1,,,3.59,['octadecatrienoate'],['hexadecanoate'],[]
114,114,,0.87,2.86,404.4094,4.71 - 9.93,1,490000.0,404.4093,4.93,621000.0,404.4094,4.89,189000.0,404.4094,4.93,661000,1.00:0.30:1.06,621000.0,425000,1.00:0.68,4.92,,,3.5,[],[],[]
115,115,,0.46,2.21,568.4406,9.69 - 11.01,1,5700.0,568.4401,10.31,8570.0,568.4407,10.57,1970.0,568.4409,10.3,6640,1.00:0.23:0.77,8570.0,4300,1.00:0.50,10.39,,,3.37,[],['Ceramide (t34:5)'],"['Lysophosphatidate (26:0)' 'Phosphatidate (O-26:0)'
 'Sphingomyelin (d23:0)' 'Ceramide phosphoethanolamine (d26:0)']"
116,116,,0.71,9.85,454.4614,4.26 - 8.92,1,23000.0,454.4612,4.48,12700.0,454.4614,4.5,12700.0,454.4615,4.53,42700,1.00:1.00:3.37,12700.0,27700,1.00:2.19,4.5,,,3.36,[],[],[]
117,117,,0.89,4.27,1276.3521,16.45 - 18.48,1,1300000.0,1276.3511,16.53,942000.0,1276.3521,16.51,696000.0,1276.3531,16.49,2290000,1.00:0.74:2.43,942000.0,1490000,1.00:1.59,16.51,,,3.29,[],[],[]
118,118,,0.86,4.65,552.4832,3.81 - 9.01,1,410000.0,552.4834,3.99,283000.0,552.4832,4.01,220000.0,552.4829,4.0,718000,1.00:0.78:2.53,283000.0,469000,1.00:1.66,4.0,,,3.26,[],[],[]
119,119,,0.22,0.0,696.5261,3.15 - 3.47,1,6200.0,-0.0,-0.0,-0.0,696.526,3.2,3000.0,696.5261,3.24,9460,-:1.00:3.15,-0.0,6230,-:1.00,3.22,,,3.15,['Ceramide phosphate (d40:4)'],['Ceramide phosphate (d38:1)'],[]
120,120,,0.67,8.16,1368.3799,14.67 - 14.93,1,24000.0,1368.3782,14.76,13000.0,1368.381,14.76,14200.0,1368.3806,14.76,44200,1.00:1.09:3.40,13000.0,29200,1.00:2.25,14.76,,,3.11,[],[],[]
121,121,,0.51,2.69,714.5869,10.03 - 11.46,1,14000.0,714.5864,10.39,8400.0,714.5883,10.38,8680.0,714.5859,11.22,26400,1.00:1.03:3.14,8400.0,17500,1.00:2.09,10.66,,,3.04,['Hexosyl ceramide (d35:1)'],[],[]
122,122,,0.75,5.33,697.6566,4.50 - 4.71,1,10000.0,697.6568,4.57,7000.0,697.6562,4.58,6100.0,697.6569,4.57,17700,1.00:0.87:2.54,7000.0,11900,1.00:1.70,4.58,,,2.9,[],[],[]
123,123,,0.59,4.98,1215.9028,11.01 - 16.66,1,960000.0,1215.9038,11.66,539000.0,1215.9028,11.15,611000.0,1215.9019,11.18,1730000,1.00:1.13:3.22,539000.0,1170000,1.00:2.17,11.33,,,2.83,[],[],[]
124,124,,0.82,11.58,596.5091,3.74 - 8.92,1,280000.0,596.5092,3.9,144000.0,596.5089,3.92,179000.0,596.5093,3.91,506000,1.00:1.24:3.52,144000.0,342000,1.00:2.38,3.91,,,2.83,['Ceramide (d39:7)'],['Ceramide (d37:4)'],[]
125,125,,0.84,7.64,762.5563,9.36 - 14.53,1,260000.0,762.5565,9.48,148000.0,762.556,9.51,165000.0,762.5563,9.53,464000,1.00:1.11:3.13,148000.0,314000,1.00:2.12,9.51,,,2.81,['Phosphatidylserine (O-35:1)'],['Hexosyl ceramide (t36:3)'],[]
126,126,,1.05,6.17,1424.3881,16.91 - 18.58,1,750000.0,1424.3882,16.95,512000.0,1424.3876,16.98,467000.0,1424.3887,16.96,1280000,1.00:0.91:2.49,512000.0,872000,1.00:1.70,16.96,,,2.74,[],[],[]
127,127,,0.28,0.0,1134.3102,15.86 - 16.24,1,49000.0,-0.0,-0.0,-0.0,1134.3098,15.92,26700.0,1134.3107,15.9,71800,-:1.00:2.69,-0.0,49200,-:1.00,15.91,,,2.69,[],[],[]
128,128,,1.48,4.22,569.4314,10.99 - 16.22,1,33000000.0,569.4313,11.21,41300000.0,569.4315,11.15,16200000.0,569.4314,11.22,42800000,1.00:0.39:1.03,41300000.0,29500000,1.00:0.71,11.19,,,2.64,[],[],"['Lysophosphatidylcholine (20:0)' 'Phosphatidylcholine (O-20:0)'
 'Phosphatidylethanolamine (O-23:0)']"
129,129,,0.49,1.88,496.4209,1.89 - 7.83,1,4700000.0,496.4211,2.83,3090000.0,496.421,2.76,3010000.0,496.4205,2.76,7950000,1.00:0.97:2.57,3090000.0,5480000,1.00:1.77,2.79,,,2.64,[],[],[]
130,130,,0.89,3.29,534.4871,8.37 - 13.58,1,470000.0,534.4869,8.58,593000.0,534.4875,8.55,226000.0,534.4868,8.57,592000,1.00:0.38:1.00,593000.0,409000,1.00:0.69,8.57,,,2.62,['Ceramide (d34:3)'],['Ceramide (d32:0)'],[]
131,131,,0.69,0.99,837.236,13.03 - 13.62,1,14000.0,837.2346,13.11,12300.0,837.2369,13.08,7900.0,837.2364,13.11,20600,1.00:0.64:1.67,12300.0,14200,1.00:1.16,13.1,,,2.61,[],[],[]
132,132,,0.5,6.06,467.3042,0.55 - 2.98,1,9500.0,467.3048,1.69,3100.0,467.3041,1.81,7070.0,467.3038,1.09,18300,1.00:2.28:5.90,3100.0,12700,1.00:4.09,1.53,,,2.59,['Lysophosphatidate (20:0)' 'Phosphatidate (O-20:0)'],[],[]
133,133,,0.39,3.18,567.438,12.27 - 18.25,1,44000.0,567.4372,13.31,18000.0,567.4396,12.66,31800.0,567.4372,13.25,81400,1.00:1.77:4.52,18000.0,56600,1.00:3.14,13.07,,,2.56,[],['Monoalkylmonoacylglycerol (O-32:5)'],[]
134,134,,0.41,0.07,786.2534,20.35 - 20.93,1,1200.0,786.254,20.54,1180.0,786.255,20.49,645.0,786.2511,20.83,1640,1.00:0.54:1.39,1180.0,1140,1.00:0.97,20.62,,,2.54,[],[],[]
135,135,,0.74,6.22,1230.3588,16.20 - 16.37,1,23000.0,1230.3575,16.24,14300.0,1230.3601,16.26,15500.0,1230.3589,16.24,38100,1.00:1.09:2.67,14300.0,26800,1.00:1.88,16.25,,,2.46,[],[],[]
136,136,,0.71,8.31,1156.3377,15.86 - 16.16,1,27000.0,1156.3397,15.94,16300.0,1156.3381,15.92,19200.0,1156.3352,15.9,46900,1.00:1.18:2.88,16300.0,33100,1.00:2.03,15.92,,,2.44,[],[],[]
137,137,,0.53,2.55,590.5143,12.21 - 14.51,1,27000.0,590.5133,13.37,39600.0,590.5132,13.04,12500.0,590.5165,13.14,30400,1.00:0.32:0.77,39600.0,21500,1.00:0.54,13.18,,,2.43,['Ceramide (t37:4)'],['Ceramide (t35:1)'],['Monoalkylmonoacylglycerol (O-34:5)']
138,138,,0.53,0.61,507.3358,20.52 - 21.89,1,5000.0,507.3358,21.32,5550.0,507.3358,21.06,2770.0,507.3358,21.03,6570,1.00:0.50:1.18,5550.0,4670,1.00:0.84,21.14,,,2.37,['Phosphatidate (O-23:1)'],[],[]
139,139,,0.72,3.64,952.3005,8.27 - 8.58,1,14000.0,952.3002,8.36,10300.0,952.3007,8.33,9080.0,952.3007,8.36,21300,1.00:0.88:2.06,10300.0,15200,1.00:1.47,8.35,,,2.35,[],[],['Phosphatidylinositol trisphosphate (24:2)']
140,140,,0.77,6.55,652.5,3.19 - 3.69,1,9800.0,652.5,3.28,6160.0,652.4999,3.25,6950.0,652.5001,3.29,16300,1.00:1.13:2.64,6160.0,11600,1.00:1.89,3.27,,,2.35,['Lysophosphatidylserine (O-28:0)'],[],['Phosphatidate (31:0)' 'Diacylglycerol (38:9)' 'Sphingomyelin (t28:1)']
141,141,,0.59,0.41,1040.3345,12.94 - 13.24,1,9900.0,1040.3325,13.03,9380.0,1040.3352,13.01,6240.0,1040.3357,13.03,14200,1.00:0.66:1.51,9380.0,10200,1.00:1.09,13.02,,,2.28,[],[],[]
142,142,,0.65,43.58,1499.9067,18.39 - 18.60,1,33000.0,-0.0,-0.0,0.0,1499.9058,18.56,30700.0,1499.9077,18.56,69400,0:1.00:2.26,0.0,50100,00:01.0,18.56,,,2.26,[],[],[]
143,143,,0.25,0.0,590.5148,6.36 - 11.07,1,69000.0,-0.0,-0.0,-0.0,590.5146,7.17,42400.0,590.515,7.25,94600,-:1.00:2.23,-0.0,68500,-:1.00,7.21,,,2.23,['Ceramide (t37:4)'],['Ceramide (t35:1)'],['Monoalkylmonoacylglycerol (O-34:5)']
144,144,,1.29,3.2,1350.3704,16.70 - 18.51,1,1100000.0,1350.3702,16.75,902000.0,1350.3706,16.77,738000.0,1350.3705,16.75,1630000,1.00:0.82:1.81,902000.0,1180000,1.00:1.31,16.75,,,2.21,[],[],[]
145,145,,0.61,2.27,908.2568,18.63 - 20.17,1,45000.0,908.2588,19.23,58000.0,908.2554,19.78,24200.0,908.2561,19.48,52400,1.00:0.42:0.90,58000.0,38300,1.00:0.66,19.49,,,2.17,[],[],[]
146,146,,0.68,1.1,1344.8043,9.40 - 9.87,1,7900.0,1344.8033,9.48,7040.0,1344.8066,9.47,5230.0,1344.8029,9.49,11300,1.00:0.74:1.61,7040.0,8280,1.00:1.18,9.48,,,2.16,[],[],[]
147,147,,0.76,1.13,1294.3621,14.04 - 14.38,1,30000.0,1294.3615,14.13,26700.0,1294.3621,14.13,19600.0,1294.3629,14.13,42300,1.00:0.73:1.58,26700.0,30900,1.00:1.16,14.13,,,2.16,[],[],[]
148,148,,0.27,0.0,1060.2915,15.44 - 15.88,1,37000.0,-0.0,-0.0,-0.0,1060.291,15.5,23400.0,1060.292,15.52,50000,-:1.00:2.14,-0.0,36700,-:1.00,15.51,,,2.14,[],[],[]
149,149,,0.73,0.36,684.6123,13.40 - 18.57,1,170000.0,684.6122,13.53,176000.0,684.6124,13.54,106000.0,684.6123,13.57,226000,1.00:0.61:1.29,176000.0,166000,1.00:0.95,13.55,,,2.13,[],[],['Triacylglycerol (38:0)']
150,150,,0.61,3.35,532.3845,0.42 - 3.60,1,19000.0,532.3846,1.31,13100.0,532.3845,1.47,14700.0,532.3845,1.69,30600,1.00:1.12:2.33,13100.0,22600,1.00:1.73,1.49,,,2.08,['Hexosyl ceramide (d22:1)'],[],[]
151,151,,0.76,4.97,564.4469,3.14 - 3.81,1,13000.0,564.4471,3.37,8610.0,564.4465,3.34,9450.0,564.4469,3.38,19600,1.00:1.10:2.27,8610.0,14500,1.00:1.69,3.36,,,2.07,['Lysophosphatidylcholine (O-22:1)'],[],[]
152,152,,0.58,0.87,517.4596,10.75 - 11.05,1,2800.0,517.4597,10.93,3110.0,517.46,10.96,1690.0,517.4591,10.92,3500,1.00:0.54:1.13,3110.0,2590,1.00:0.83,10.94,,,2.07,[],[],[]
153,153,,1.05,9.55,1498.4072,17.09 - 18.60,1,620000.0,1498.406,17.15,362000.0,1498.4067,17.14,490000.0,1498.4089,17.13,1010000,1.00:1.35:2.78,362000.0,748000,1.00:2.06,17.14,,,2.06,[],[],[]
154,154,,0.84,2.07,675.6754,4.48 - 4.71,1,25000.0,675.6759,4.57,20700.0,675.6751,4.58,17800.0,675.6752,4.57,36600,1.00:0.86:1.77,20700.0,27200,1.00:1.31,4.58,,,2.06,[],[],[]
155,155,,0.72,5.8,608.4733,3.19 - 3.74,1,15000.0,608.4736,3.32,9460.0,608.4736,3.29,11700.0,608.4725,3.33,24000,1.00:1.24:2.53,9460.0,17800,1.00:1.88,3.32,,,2.05,"['Lysophosphatidylcholine (24:0)' 'Phosphatidylcholine (O-24:0)'
 'Phosphatidylethanolamine (O-27:0)']",[],"['Phosphatidate (O-29:1)' 'Sphingomyelin (d26:1)'
 'Ceramide phosphoethanolamine (d29:1)']"
156,156,,0.22,0.0,624.5188,7.43 - 8.13,1,9200.0,-0.0,-0.0,-0.0,624.5188,7.67,6020.0,624.5187,7.7,12300,-:1.00:2.04,-0.0,9160,-:1.00,7.68,,,2.04,[],[],[]
157,157,,0.65,1.79,1026.3167,9.61 - 9.83,1,7200.0,1026.3157,9.69,5860.0,1026.3158,9.68,5240.0,1026.3185,9.7,10600,1.00:0.89:1.80,5860.0,7900,1.00:1.35,9.69,,,2.02,[],[],[]
158,158,,0.57,0.35,1258.7972,6.03 - 6.67,1,3700.0,1258.7937,6.34,3890.0,1258.798,6.35,2410.0,1258.8,6.31,4770,1.00:0.62:1.22,3890.0,3590,1.00:0.92,6.33,,,1.98,[],[],['Ganglioside GA1 (d35:1)']
159,159,,0.55,1.64,516.3894,1.61 - 3.07,1,7200.0,516.3896,2.06,5330.0,516.3896,2.21,5450.0,516.389,2.1,10700,1.00:1.02:2.00,5330.0,8070,1.00:1.51,2.12,,,1.96,[],[],[]
160,160,,0.63,1.97,508.4569,3.38 - 9.14,1,800000.0,508.4565,4.13,631000.0,508.4573,4.14,609000.0,508.457,4.13,1150000,1.00:0.97:1.82,631000.0,878000,1.00:1.39,4.13,,,1.89,[],[],[]
161,161,,0.25,0.0,1223.3406,13.12 - 13.41,1,17000.0,-0.0,-0.0,-0.0,1223.3411,13.2,11500.0,1223.3401,13.2,21500,-:1.00:1.87,-0.0,16500,-:1.00,13.2,,,1.87,[],[],[]
162,162,,0.69,0.44,939.5946,5.02 - 5.38,1,3200.0,939.5946,5.06,3360.0,939.5949,5.07,2200.0,939.5944,5.11,4080,1.00:0.66:1.21,3360.0,3140,1.00:0.93,5.08,,,1.85,['Phosphatidylinositol (42:6)' 'Dihexosyldiacylglycerol (36:5)'],['Phosphatidylinositol (40:3)' 'Dihexosyldiacylglycerol (34:2)'],[]
163,163,,1.11,5.47,1502.406,17.10 - 17.35,1,200000.0,1502.4058,17.15,135000.0,1502.4065,17.14,158000.0,1502.4058,17.13,293000,1.00:1.17:2.17,135000.0,226000,1.00:1.67,17.14,,,1.85,[],[],[]
164,164,,0.22,0.0,650.571,10.75 - 16.01,1,200000.0,-0.0,-0.0,-0.0,650.5713,10.99,142000.0,650.5707,11.01,263000,-:1.00:1.86,-0.0,202000,-:1.00,11.0,,,1.85,[],[],['Diacylglycerol (37:3)']
165,165,,0.54,0.71,456.2796,21.39 - 22.00,1,1700.0,456.2797,21.73,1920.0,456.2796,21.47,1110.0,456.2797,21.7,2040,1.00:0.58:1.06,1920.0,1580,1.00:0.82,21.64,,,1.84,['Lysophosphatidylserine (O-14:0)'],[],['Phosphatidate (17:0)']
166,166,,0.79,10.05,355.3678,3.59 - 4.88,1,53000.0,355.3678,3.77,34500.0,355.3679,3.74,44200.0,355.3679,3.78,79600,1.00:1.28:2.31,34500.0,61900,1.00:1.79,3.76,,,1.8,[],[],[]
167,167,,0.49,0.49,538.4313,2.67 - 8.29,1,67000.0,538.4313,3.23,74900.0,538.4311,3.2,45900.0,538.4314,3.29,80700,1.00:0.61:1.08,74900.0,63300,1.00:0.84,3.24,,,1.76,['Lysophosphatidylcholine (O-20:0)'],[],[]
168,168,,0.86,2.01,1148.3232,12.06 - 12.53,1,41000.0,1148.3228,12.13,34500.0,1148.3237,12.1,32300.0,1148.323,12.13,56700,1.00:0.94:1.64,34500.0,44500,1.00:1.29,12.12,,,1.76,[],[],[]
169,169,,0.59,2.02,700.5335,4.40 - 4.57,1,1300.0,700.5332,4.53,1050.0,700.5341,4.5,1080.0,700.5333,4.53,1890,1.00:1.03:1.80,1050.0,1490,1.00:1.42,4.52,,,1.75,"['Phosphatidylcholine (O-31:3)' 'Phosphatidylethanolamine (O-34:3)'
 'Hexosyl ceramide (t33:2)']",['Phosphatidylcholine (O-29:0)' 'Phosphatidylethanolamine (O-32:0)'],"['Lysophosphatidate (36:4)' 'Phosphatidate (O-36:4)'
 'Ceramide phosphoethanolamine (d36:4)']"
170,170,,0.46,0.02,293.1945,9.25 - 11.13,1,5800.0,293.1947,10.13,5820.0,293.1945,9.42,4200.0,293.1943,10.78,7330,1.00:0.72:1.26,5820.0,5760,1.00:0.99,10.11,,,1.75,[],[],[]
171,171,,0.53,0.36,1166.7856,6.87 - 7.03,1,2600.0,1166.782,6.94,2820.0,1166.7864,6.93,1880.0,1166.7883,6.96,3170,1.00:0.67:1.13,2820.0,2530,1.00:0.90,6.94,,,1.69,[],[],['Phosphatidylglycerophosphate (58:9)']
172,172,,0.65,2.98,971.7638,18.63 - 20.15,1,29000.0,971.7633,19.28,38600.0,971.7631,19.71,18300.0,971.765,19.57,30700,1.00:0.47:0.79,38600.0,24500,1.00:0.63,19.52,,,1.68,['Phosphatidylglycerol (50:2)' 'Bismonoacylglycerolphosphate (50:2)'],['Sphingomyelin (t51:5)' 'Ceramide phosphoethanolamine (t54:5)'],['Phosphatidylcholine (O-50:9)']
173,173,,0.87,1.88,497.5394,9.68 - 14.87,1,130000.0,497.5398,9.87,106000.0,497.5392,9.85,104000.0,497.5392,9.87,173000,1.00:0.98:1.63,106000.0,139000,1.00:1.31,9.86,,,1.66,[],[],[]
174,174,,0.61,1.64,539.1454,4.18 - 4.40,1,3500.0,539.1448,4.32,4240.0,539.1458,4.31,2320.0,539.1456,4.3,3850,1.00:0.55:0.91,4240.0,3080,1.00:0.73,4.31,,,1.66,[],[],[]
175,175,,0.7,5.29,1220.3435,13.08 - 13.54,1,43000.0,1220.3428,13.19,29700.0,1220.3462,13.2,37500.0,1220.3416,13.2,62000,1.00:1.26:2.09,29700.0,49800,1.00:1.67,13.2,,,1.65,[],[],[]
176,176,,0.94,1.25,730.2444,4.66 - 5.02,1,38000.0,730.2442,4.7,33700.0,730.2448,4.72,31100.0,730.2441,4.75,50600,1.00:0.92:1.50,33700.0,40800,1.00:1.21,4.72,,,1.63,[],[],[]
177,177,,1.04,0.0,924.2685,8.23 - 9.30,1,170000.0,924.2685,8.36,174000.0,924.2688,8.33,133000.0,924.2683,8.36,216000,1.00:0.76:1.24,174000.0,174000,1.00:1.00,8.35,,,1.62,[],[],['Phosphatidylinositol trisphosphate (22:2)']
178,178,,0.56,2.2,1226.8059,14.93 - 15.90,1,10000.0,1226.811,15.31,13800.0,1226.803,15.3,6320.0,1226.8037,15.28,10200,1.00:0.46:0.74,13800.0,8240,1.00:0.60,15.3,,,1.61,[],[],['Ganglioside GM3 (d38:1)']
179,179,,1.2,2.93,909.2566,14.13 - 16.64,1,290000.0,909.2563,14.25,247000.0,909.2568,14.25,244000.0,909.2567,14.25,393000,1.00:0.99:1.59,247000.0,319000,1.00:1.29,14.25,,,1.61,['Phosphatidylinositol trisphosphate (22:1)'],[],[]
180,180,,0.81,2.01,606.5085,8.49 - 14.32,1,190000.0,606.5087,9.31,167000.0,606.5089,9.3,161000.0,606.508,9.32,257000,1.00:0.96:1.54,167000.0,209000,1.00:1.25,9.31,,,1.6,[],[],['Diacylglycerol (34:4)']
181,181,,1.06,1.13,776.2321,5.68 - 6.18,1,260000.0,776.2318,5.77,236000.0,776.2319,5.77,208000.0,776.2326,5.78,332000,1.00:0.88:1.41,236000.0,270000,1.00:1.14,5.77,,,1.6,[],[],['Phosphatidylinositol bisphosphate (17:1)']
182,182,,0.28,0.0,890.7939,18.68 - 20.19,1,50000.0,-0.0,-0.0,-0.0,890.7946,19.66,38500.0,890.7933,19.52,61400,-:1.00:1.59,-0.0,50000,-:1.00,19.59,,,1.59,[],[],['Phosphatidate (O-49:0)']
183,183,,0.57,2.97,774.2518,9.51 - 9.78,1,5200.0,774.2509,9.57,3360.0,774.2516,9.55,4690.0,774.2529,9.57,7460,1.00:1.40:2.22,3360.0,6080,1.00:1.81,9.56,,,1.59,[],[],[]
184,184,,0.6,3.99,488.394,2.93 - 7.71,1,35000.0,488.3943,4.62,22300.0,488.3943,4.63,32400.0,488.3932,4.62,51400,1.00:1.45:2.30,22300.0,41900,1.00:1.88,4.62,,,1.59,[],[],[]
185,185,,0.91,1.39,659.2867,2.76 - 7.98,1,750000.0,659.2872,2.97,853000.0,659.2865,2.94,544000.0,659.2863,2.98,863000,1.00:0.64:1.01,853000.0,703000,1.00:0.82,2.96,,,1.59,['Phosphatidylglycerophosphate (22:2)'],['Phosphatidylinositol (20:3)'],[]
186,186,,0.77,7.05,590.5134,7.79 - 11.07,1,180000.0,590.5134,9.24,118000.0,590.5133,8.64,166000.0,590.5135,8.66,262000,1.00:1.40:2.22,118000.0,214000,1.00:1.81,8.84,,,1.58,['Ceramide (t37:4)'],['Ceramide (t35:1)'],['Monoalkylmonoacylglycerol (O-34:5)']
187,187,,0.93,2.43,998.2869,9.55 - 10.51,1,150000.0,998.2875,9.69,122000.0,998.2874,9.68,128000.0,998.2858,9.7,201000,1.00:1.05:1.65,122000.0,164000,1.00:1.35,9.69,,,1.57,[],[],[]
188,188,,0.33,0.39,562.5176,10.26 - 17.07,1,3400000.0,562.5173,12.07,3870000.0,562.5176,11.2,2520000.0,562.5178,11.22,3950000,1.00:0.65:1.02,3870000.0,3240000,1.00:0.84,11.49,,,1.57,['Ceramide (d36:3)'],['Ceramide (d34:0)'],[]
189,189,,1.19,3.65,393.2964,3.95 - 4.40,1,500000.0,393.2964,4.08,403000.0,393.2964,4.05,425000.0,393.2965,4.09,665000,1.00:1.05:1.65,403000.0,545000,1.00:1.35,4.07,,,1.56,[],[],[]
190,190,,0.29,0.0,373.3208,3.96 - 4.31,1,37000.0,-0.0,-0.0,-0.0,373.3207,4.07,28900.0,373.3209,4.09,45100,-:1.00:1.56,-0.0,37000,-:1.00,4.08,,,1.56,[],[],[]
191,191,,0.81,4.23,658.224,3.86 - 4.13,1,16000.0,658.2242,3.95,11800.0,658.2244,3.92,14000.0,658.2233,3.96,21700,1.00:1.18:1.84,11800.0,17900,1.00:1.51,3.94,,,1.55,[],[],[]
192,192,,0.35,10.27,617.5686,15.18 - 15.63,1,1100.0,-0.0,-0.0,0.0,617.5691,15.58,1240.0,617.5681,15.23,1920,0:1.00:1.55,0.0,1580,00:01.0,15.4,,,1.55,[],[],['Ceramide (d39:5)']
193,193,,0.87,0.18,709.3759,13.11 - 15.82,1,150000.0,709.3771,13.32,147000.0,709.3755,13.29,119000.0,709.3751,13.28,184000,1.00:0.81:1.25,147000.0,151000,1.00:1.03,13.3,,,1.55,[],[],[]
194,194,,0.89,2.44,1199.7711,8.79 - 13.97,1,350000.0,1199.7715,8.97,283000.0,1199.7709,8.94,298000.0,1199.771,8.97,460000,1.00:1.05:1.62,283000.0,379000,1.00:1.34,8.96,,,1.54,['Phosphatidylglycerophosphate (62:12)'],['Phosphatidylglycerophosphate (60:9)'],[]
195,195,,0.71,4.2,971.8006,8.45 - 8.70,1,6300.0,971.8005,8.58,4640.0,971.8004,8.57,5580.0,971.8009,8.57,8590,1.00:1.20:1.85,4640.0,7080,1.00:1.53,8.57,,,1.54,['Triacylglycerol (61:9)' 'Sphingomyelin (d54:7)'],['Triacylglycerol (59:6)' 'Sphingomyelin (d52:4)'],['Hexosyl ceramide (d53:7)']
196,196,,0.83,0.92,1146.3239,12.02 - 12.53,1,54000.0,1146.3231,12.13,50200.0,1146.3232,12.1,44600.0,1146.3252,12.13,68200,1.00:0.89:1.36,50200.0,56400,1.00:1.12,12.12,,,1.53,[],[],[]
197,197,,0.87,2.1,463.1305,1.93 - 3.33,1,46000.0,463.1304,2.5,37200.0,463.1306,2.57,39700.0,463.1306,2.64,60200,1.00:1.07:1.62,37200.0,50000,1.00:1.34,2.57,,,1.52,[],[],[]
198,198,,0.77,3.35,804.2635,5.68 - 6.08,1,30000.0,804.2632,5.77,23500.0,804.2637,5.77,26200.0,804.2637,5.78,39700,1.00:1.11:1.69,23500.0,33000,1.00:1.40,5.77,,,1.52,[],[],['Phosphatidylinositol bisphosphate (19:1)']
199,199,,0.46,0.29,508.1886,1.75 - 7.53,1,250000.0,508.1885,2.5,228000.0,508.1885,2.53,204000.0,508.1887,2.59,309000,1.00:0.89:1.35,228000.0,256000,1.00:1.12,2.54,,,1.51,[],[],[]
200,200,,0.85,1.2,576.4988,8.05 - 8.72,1,22000.0,576.4987,8.18,19500.0,576.4987,8.16,18300.0,576.499,8.18,27700,1.00:0.94:1.42,19500.0,23000,1.00:1.18,8.17,,,1.51,['Ceramide (t36:4)'],['Ceramide (t34:1)'],['Monoalkylmonoacylglycerol (O-33:5)']
201,201,,1.52,2.39,1054.2955,15.42 - 18.21,1,1800000.0,1054.2957,15.52,1570000.0,1054.295,15.5,1550000.0,1054.2959,15.52,2340000,1.00:0.99:1.49,1570000.0,1940000,1.00:1.24,15.52,,,1.51,[],[],[]
202,202,,0.99,3.17,656.2259,3.86 - 4.23,1,49000.0,656.2259,3.95,37500.0,656.226,3.92,43400.0,656.2258,3.96,65400,1.00:1.16:1.74,37500.0,54400,1.00:1.45,3.94,,,1.51,[],[],[]
203,203,,1.01,5.65,768.7062,15.86 - 16.92,1,180000.0,768.7061,16.36,237000.0,768.7064,16.35,116000.0,768.7062,16.35,174000,1.00:0.49:0.73,237000.0,145000,1.00:0.61,16.35,,,1.5,[],[],['Triacylglycerol (44:0)']
204,204,,0.68,0.59,794.6479,9.03 - 10.49,1,21000.0,794.6465,9.4,19500.0,794.6497,9.39,17200.0,794.6476,9.41,25700,1.00:0.88:1.31,19500.0,21400,1.00:1.10,9.4,,,1.49,[],['Hexosyl ceramide (d39:0)'],[]
205,205,,1.3,4.15,1057.2945,15.46 - 16.15,1,500000.0,1057.2944,15.52,396000.0,1057.2947,15.5,444000.0,1057.2944,15.52,660000,1.00:1.12:1.67,396000.0,552000,1.00:1.40,15.52,,,1.49,[],[],[]
206,206,,0.6,0.22,1099.9019,13.74 - 16.37,1,32000.0,1099.9014,15.35,32700.0,1099.9041,14.87,25100.0,1099.9004,15.14,37200,1.00:0.77:1.14,32700.0,31200,1.00:0.95,15.12,,,1.48,[],['Monoalkyldiacylglycerol (O-70:12)'],[]
207,207,,0.24,0.0,270.2615,18.39 - 18.89,1,5400.0,-0.0,-0.0,-0.0,270.2616,18.64,4370.0,270.2615,18.63,6430,-:1.00:1.47,-0.0,5400,-:1.00,18.64,,,1.47,[],[],[]
208,208,,0.59,1.78,934.6383,17.75 - 20.17,1,69000.0,934.6381,18.43,55200.0,934.6372,19.34,61500.0,934.6396,18.99,90200,1.00:1.11:1.63,55200.0,75800,1.00:1.37,18.92,,,1.47,['Phosphatidylcholine (48:12)'],['Phosphatidylcholine (46:9)'],['Phosphatidylinositol (40:3)' 'Dihexosyldiacylglycerol (34:2)']
209,209,,0.82,1.75,584.2052,3.11 - 3.61,1,21000.0,584.2051,3.28,18100.0,584.2057,3.25,18000.0,584.2047,3.29,26400,1.00:1.00:1.46,18100.0,22200,1.00:1.23,3.27,,,1.47,[],[],[]
210,210,,0.81,6.19,1572.4261,17.26 - 18.64,1,350000.0,1572.4258,17.32,234000.0,1572.427,17.31,329000.0,1572.4255,17.3,479000,1.00:1.40:2.05,234000.0,404000,1.00:1.73,17.31,,,1.46,[],[],[]
211,211,,0.81,1.86,457.2712,3.99 - 6.61,1,41000.0,457.2716,4.66,46600.0,457.2712,4.79,30800.0,457.2709,4.71,44800,1.00:0.66:0.96,46600.0,37800,1.00:0.81,4.72,,,1.45,[],[],"['Lysophosphatidylserine (O-13:1)' 'Phosphatidylcholine (11:0)'
 'Phosphatidylethanolamine (14:0)']"
212,212,,0.94,1.34,582.207,3.10 - 4.01,1,86000.0,582.2068,3.28,75100.0,582.2068,3.29,75400.0,582.2074,3.29,109000,1.00:1.00:1.45,75100.0,92000,1.00:1.23,3.29,,,1.45,[],[],[]
213,213,,0.91,1.33,712.6438,15.21 - 15.90,1,110000.0,712.6439,15.39,98400.0,712.6439,15.38,94900.0,712.6437,15.39,137000,1.00:0.97:1.39,98400.0,116000,1.00:1.18,15.39,,,1.44,[],[],['Triacylglycerol (40:0)']
214,214,,0.75,0.07,462.3939,3.64 - 3.99,1,7000.0,462.3939,3.73,7090.0,462.394,3.75,5760.0,462.3938,3.78,8270,1.00:0.81:1.17,7090.0,7020,1.00:0.99,3.75,,,1.44,[],['Ceramide (d27:1)'],[]
215,215,,0.27,0.0,315.1982,17.97 - 20.19,1,90000.0,-0.0,-0.0,-0.0,315.1981,18.74,74100.0,315.1982,18.89,106000,-:1.00:1.43,-0.0,90000,-:1.00,18.82,,,1.43,[],[],[]
216,216,,0.35,0.07,470.4201,2.44 - 9.23,1,92000.0,470.4202,5.6,90300.0,470.4201,5.69,77000.0,470.42,5.62,110000,1.00:0.85:1.22,90300.0,93600,1.00:1.04,5.64,,,1.43,['Ceramide (t28:1)'],[],[]
217,217,,0.99,1.23,556.1739,3.10 - 3.96,1,78000.0,556.1744,3.28,70000.0,556.1737,3.29,68400.0,556.1736,3.29,96900,1.00:0.98:1.38,70000.0,82600,1.00:1.18,3.29,,,1.42,[],[],[]
218,218,,0.43,0.76,672.5261,1.65 - 7.68,1,650000.0,672.5265,2.68,516000.0,672.5261,2.57,590000.0,672.5256,2.55,832000,1.00:1.14:1.61,516000.0,711000,1.00:1.38,2.6,,,1.41,['Ceramide phosphate (d38:2)'],['Lysophosphatidylcholine (O-28:0)'],[]
219,219,,0.47,0.04,656.5814,12.04 - 18.54,1,320000.0,656.5812,13.53,317000.0,656.5814,13.54,269000.0,656.5817,13.53,376000,1.00:0.85:1.19,317000.0,323000,1.00:1.02,13.53,,,1.4,[],[],['Triacylglycerol (36:0)']
220,220,,0.57,1.72,1238.8411,7.38 - 8.16,1,7000.0,1238.8398,7.79,5450.0,1238.8433,7.8,6480.0,1238.8403,7.79,9040,1.00:1.19:1.66,5450.0,7760,1.00:1.42,7.8,,,1.4,['Ganglioside Gb3 (d50:6)'],[],[]
221,221,,0.64,0.33,892.2973,10.38 - 10.87,1,10000.0,892.2966,10.48,9780.0,892.2988,10.46,8740.0,892.2964,10.46,12100,1.00:0.89:1.24,9780.0,10400,1.00:1.06,10.47,,,1.38,[],[],['Phosphatidylinositol bisphosphate (26:6)']
222,222,,0.93,2.74,381.3833,3.81 - 4.35,1,36000.0,381.3834,3.95,28600.0,381.3834,3.92,33500.0,381.3831,3.96,46300,1.00:1.17:1.62,28600.0,39900,1.00:1.40,3.94,,,1.38,[],[],[]
223,223,,0.73,0.34,562.4016,5.11 - 5.51,1,7700.0,562.4012,5.19,7400.0,562.4022,5.16,6570.0,562.4012,5.2,9060,1.00:0.89:1.22,7400.0,7820,1.00:1.06,5.18,,,1.38,[],[],[]
224,224,,0.71,0.02,955.5685,5.02 - 5.37,1,5100.0,955.5682,5.06,5090.0,955.5686,5.07,4270.0,955.5686,5.11,5870,1.00:0.84:1.15,5090.0,5070,1.00:1.00,5.08,,,1.37,[],[],['Sulfodihexosyl ceramide (d34:3)']
225,225,,0.3,0.0,541.3654,18.60 - 20.24,1,64000.0,-0.0,-0.0,-0.0,541.3652,20.11,53700.0,541.3655,20.13,73800,-:1.00:1.37,-0.0,63800,-:1.00,20.12,,,1.37,[],[],['Phosphatidylcholine (17:0)' 'Phosphatidylethanolamine (20:0)']
226,226,,0.66,3.73,726.6231,10.52 - 11.09,1,5700.0,726.6241,10.96,7420.0,726.6226,10.99,4060.0,726.6225,11.01,5570,1.00:0.55:0.75,7420.0,4810,1.00:0.65,10.99,,,1.37,[],[],[]
227,227,,0.72,0.12,544.4562,7.16 - 9.36,1,37000.0,544.4561,7.7,36100.0,544.4564,7.71,31100.0,544.4561,7.74,42500,1.00:0.86:1.18,36100.0,36800,1.00:1.02,7.72,,,1.37,[],[],[]
228,228,,0.25,0.0,638.6551,12.56 - 13.11,1,11000.0,-0.0,-0.0,-0.0,638.6552,12.65,8930.0,638.655,12.68,12200,-:1.00:1.36,-0.0,10600,-:1.00,12.67,,,1.37,[],[],[]
229,229,,0.68,1.02,742.6175,11.54 - 12.73,1,15000.0,742.6172,11.75,17000.0,742.6185,11.77,12400.0,742.6168,11.83,16900,1.00:0.73:0.99,17000.0,14600,1.00:0.86,11.78,,,1.36,['Hexosyl ceramide (d37:1)'],[],[]
230,230,,0.43,1.57,716.5517,1.86 - 7.63,1,120000.0,716.5522,2.63,165000.0,716.5516,2.94,76700.0,716.5511,2.55,104000,1.00:0.47:0.63,165000.0,90300,1.00:0.55,2.71,,,1.36,['Phosphatidylcholine (O-32:2)' 'Phosphatidylethanolamine (O-35:2)'],[],['Phosphatidate (O-37:3)']
231,231,,1.4,1.33,554.1758,3.07 - 4.10,1,420000.0,554.1758,3.28,388000.0,554.1759,3.29,377000.0,554.1757,3.29,506000,1.00:0.97:1.30,388000.0,441000,1.00:1.14,3.29,,,1.34,[],[],[]
232,232,,0.73,9.44,516.4258,5.68 - 10.94,1,43000.0,516.4257,6.34,69800.0,516.426,6.35,24700.0,516.4257,6.36,33000,1.00:0.35:0.47,69800.0,28900,1.00:0.41,6.35,,,1.34,[],[],[]
233,233,,0.6,3.08,748.5403,9.38 - 10.43,1,9700.0,748.5385,9.53,13300.0,748.5408,9.47,6730.0,748.5415,9.57,8970,1.00:0.50:0.67,13300.0,7850,1.00:0.59,9.52,,,1.33,['Phosphatidylserine (O-34:1)'],['Hexosyl ceramide (t35:3)'],[]
234,234,,1.18,1.98,906.258,14.08 - 19.25,1,1500000.0,906.2578,14.25,1340000.0,906.2581,14.25,1380000.0,906.2581,14.25,1830000,1.00:1.03:1.37,1340000.0,1610000,1.00:1.20,14.25,,,1.33,[],[],[]
235,235,,0.68,1.34,662.5,6.26 - 6.65,1,4500.0,662.5004,6.34,3900.0,662.4999,6.35,4070.0,662.4998,6.4,5390,1.00:1.04:1.38,3900.0,4730,1.00:1.21,6.36,,,1.32,[],[],[]
236,236,,0.86,0.35,572.5035,12.30 - 14.38,1,34000.0,572.5038,12.47,34800.0,572.5038,12.44,28300.0,572.503,12.43,37400,1.00:0.81:1.07,34800.0,32800,1.00:0.94,12.45,,,1.32,['Ceramide (d37:5)'],['Ceramide (d35:2)'],[]
237,237,,0.25,0.0,642.6018,12.77 - 13.15,1,6600.0,-0.0,-0.0,-0.0,642.6019,13.08,5700.0,642.6017,13.07,7520,-:1.00:1.32,-0.0,6610,-:1.00,13.07,,,1.32,[],[],['Diacylglycerol (36:0)']
238,238,,0.77,0.15,700.3136,2.83 - 3.68,1,15000.0,700.3138,2.97,14900.0,700.3141,2.94,13200.0,700.313,2.98,17300,1.00:0.88:1.16,14900.0,15200,1.00:1.02,2.96,,,1.31,[],[],['Phosphatidylglycerophosphate (24:4)']
239,239,,0.24,0.0,898.7696,15.86 - 16.56,1,21000.0,-0.0,-0.0,-0.0,898.7694,16.43,18600.0,898.7697,16.41,24300,-:1.00:1.31,-0.0,21400,-:1.00,16.42,,,1.31,['Phosphatidylethanolamine (O-48:2)'],[],['Phosphatidate (O-50:3)']
240,240,,0.79,0.43,582.4931,3.19 - 4.22,1,22000.0,582.4935,3.46,20800.0,582.4926,3.47,19100.0,582.4933,3.42,24900,1.00:0.92:1.20,20800.0,22000,1.00:1.06,3.45,,,1.3,['Ceramide (d38:7)'],['Ceramide (d36:4)'],['Lysophosphatidate (O-28:0)']
241,241,,0.75,0.7,431.9169,19.80 - 20.26,1,10000.0,431.9166,20.18,11100.0,431.9172,20.15,8770.0,431.9169,20.17,11400,1.00:0.79:1.03,11100.0,10100,1.00:0.91,20.17,,,1.3,[],[],[]
242,242,,0.82,3.49,582.4572,2.59 - 4.88,1,24000.0,582.457,3.19,18700.0,582.4575,3.16,23400.0,582.457,3.2,30400,1.00:1.25:1.63,18700.0,26900,1.00:1.44,3.18,,,1.3,[],[],"['Phosphatidate (O-27:0)' 'Sphingomyelin (d24:0)'
 'Ceramide phosphoethanolamine (d27:0)']"
243,243,,0.86,3.61,397.4143,4.48 - 4.88,1,22000.0,397.4143,4.57,16300.0,397.4143,4.58,21400.0,397.4143,4.57,27800,1.00:1.31:1.71,16300.0,24600,1.00:1.51,4.58,,,1.3,[],[],[]
244,244,,0.81,0.85,593.5971,12.51 - 14.21,1,27000.0,593.5969,12.68,25400.0,593.5978,12.65,24600.0,593.5967,12.68,31900,1.00:0.97:1.26,25400.0,28200,1.00:1.11,12.67,,,1.3,[],[],[]
245,245,,0.52,0.85,607.3888,9.14 - 10.79,1,31000.0,607.3862,9.48,37000.0,607.3917,9.47,25000.0,607.3884,9.53,32400,1.00:0.68:0.88,37000.0,28700,1.00:0.78,9.49,,,1.3,[],[],[]
246,246,,0.91,38.21,852.8,17.05 - 17.68,1,270000.0,852.8005,17.33,614000.0,852.8,17.35,85300.0,852.7994,17.34,110000,1.00:0.14:0.18,614000.0,97400,1.00:0.16,17.34,,,1.29,[],[],['Triacylglycerol (50:0)']
247,247,,0.46,2.35,628.4608,17.86 - 19.04,1,4700.0,628.4606,18.8,7400.0,628.4603,17.97,3000.0,628.4615,18.91,3840,1.00:0.41:0.52,7400.0,3420,1.00:0.46,18.56,,,1.28,[],['Lysophosphatidylethanolamine (O-28:1)'],[]
248,248,,0.61,0.6,848.2707,10.91 - 11.09,1,5700.0,848.2727,11.0,5230.0,848.2692,10.99,5180.0,848.2701,11.0,6630,1.00:0.99:1.27,5230.0,5900,1.00:1.13,11.0,,,1.28,[],[],[]
249,249,,0.75,0.82,829.5847,5.11 - 5.42,1,4600.0,829.5847,5.15,4300.0,829.5848,5.16,4230.0,829.5846,5.15,5410,1.00:0.98:1.26,4300.0,4820,1.00:1.12,5.15,,,1.28,[],"['Phosphatidylglycerol (38:0)' 'Sphingomyelin (t41:6)'
 'Ceramide phosphoethanolamine (t44:6)'
 'Bismonoacylglycerolphosphate (38:0)' 'Monohexosyldiacylglycerol (38:4)']",[]
250,250,,0.36,0.0,312.3254,3.65 - 4.98,1,83000.0,-0.0,-0.0,-0.0,312.3254,4.32,73200.0,312.3254,4.35,93100,-:1.00:1.27,-0.0,83200,-:1.00,4.33,,,1.27,[],[],[]
251,251,,0.36,3.32,450.3787,2.29 - 8.50,1,210000.0,450.3787,3.5,396000.0,450.3787,3.47,105000.0,450.3787,3.38,133000,1.00:0.27:0.34,396000.0,119000,1.00:0.30,3.45,,,1.27,[],[],[]
252,252,,0.8,1.61,494.3188,5.02 - 7.27,1,23000.0,494.3186,5.11,26100.0,494.3193,5.07,19200.0,494.3186,5.11,24300,1.00:0.74:0.93,26100.0,21800,1.00:0.84,5.09,,,1.27,"['Lysophosphatidylcholine (16:1)' 'Phosphatidylcholine (O-16:1)'
 'Phosphatidylethanolamine (O-19:1)']",[],['Phosphatidate (O-21:2)']
253,253,,0.53,0.2,478.3886,4.39 - 9.97,1,130000.0,478.3886,4.93,122000.0,478.3887,4.85,114000.0,478.3885,4.97,144000,1.00:0.94:1.19,122000.0,129000,1.00:1.07,4.92,,,1.26,[],[],[]
254,254,,0.68,18.49,832.7375,16.28 - 16.62,1,11000.0,832.7367,16.37,22100.0,832.7376,16.39,4850.0,832.7383,16.41,6110,1.00:0.22:0.28,22100.0,5480,1.00:0.25,16.39,,,1.26,[],[],['Triacylglycerol (49:3)']
255,255,,0.49,0.65,407.3354,14.84 - 16.01,1,6500.0,407.3351,15.1,5610.0,407.3359,15.8,6200.0,407.3351,15.13,7800,1.00:1.11:1.39,5610.0,7000,1.00:1.25,15.34,,,1.26,[],[],[]
256,256,,0.31,0.89,604.5297,13.47 - 20.18,1,820000.0,604.5299,17.62,614000.0,604.5297,18.36,812000.0,604.5294,18.47,1020000,1.00:1.32:1.66,614000.0,917000,1.00:1.49,18.15,,,1.26,['Ceramide (t38:4)'],['Ceramide (t36:1)'],['Monoalkylmonoacylglycerol (O-35:5)']
257,257,,0.43,11.41,907.7708,16.87 - 17.34,1,90000.0,907.7706,17.15,251000.0,907.7714,17.14,8200.0,907.7704,17.13,10300,1.00:0.03:0.04,251000.0,9260,1.00:0.04,17.14,,,1.26,"['Triacylglycerol (56:6)' 'Sphingomyelin (d49:4)'
 'Ceramide phosphoethanolamine (d52:4)']",['Triacylglycerol (54:3)'],['Hexosyl ceramide (d48:4)' 'Ceramide phosphate (d54:5)']
258,258,,0.23,0.52,562.483,11.80 - 20.22,1,1100000.0,562.4832,16.58,911000.0,562.4828,16.62,1020000.0,562.483,16.58,1280000,1.00:1.12:1.41,911000.0,1150000,1.00:1.26,16.59,,,1.25,['Ceramide (t35:4)'],['Ceramide (t33:1)'],['Monoalkylmonoacylglycerol (O-32:5)']
259,259,,0.77,1.56,496.5086,5.55 - 6.36,1,9400.0,496.5089,5.64,8160.0,496.5086,5.64,8860.0,496.5083,5.69,11100,1.00:1.09:1.36,8160.0,9980,1.00:1.22,5.65,,,1.25,[],[],[]
260,260,,0.22,0.0,1100.9578,16.85 - 16.96,1,4700.0,-0.0,-0.0,-0.0,1100.9585,16.89,4160.0,1100.957,16.91,5210,-:1.00:1.25,-0.0,4690,-:1.00,16.9,,,1.25,[],[],['Triacylglycerol (69:9)']
261,261,,0.71,1.02,700.526,9.49 - 10.97,1,14000.0,700.525,9.61,12600.0,700.5272,9.59,12700.0,700.5258,9.61,15900,1.00:1.01:1.26,12600.0,14300,1.00:1.14,9.6,,,1.25,"['Phosphatidylcholine (O-31:3)' 'Phosphatidylethanolamine (O-34:3)'
 'Hexosyl ceramide (t33:2)']",['Phosphatidylcholine (O-29:0)' 'Phosphatidylethanolamine (O-32:0)'],['Lysophosphatidate (36:4)' 'Phosphatidate (O-36:4)']
262,262,,0.7,0.04,622.6484,10.38 - 10.99,1,6400.0,622.6485,10.48,6340.0,622.649,10.46,5670.0,622.6476,10.49,7090,1.00:0.89:1.12,6340.0,6380,1.00:1.01,10.48,,,1.25,[],[],[]
263,263,,0.78,2.44,600.5191,10.52 - 15.65,1,76000.0,600.5191,10.7,63500.0,600.5189,10.68,73500.0,600.5194,10.7,91700,1.00:1.16:1.44,63500.0,82600,1.00:1.30,10.69,,,1.25,[],[],[]
264,264,,0.85,2.29,640.5356,3.70 - 8.83,1,92000.0,640.5349,3.81,75200.0,640.536,3.79,89300.0,640.5359,3.83,111000,1.00:1.19:1.47,75200.0,100000,1.00:1.33,3.81,,,1.24,[],['Ceramide (t39:4)'],['Monoalkylmonoacylglycerol (O-38:8)']
265,265,,0.51,6.51,894.8444,17.07 - 17.86,1,25000.0,894.8406,17.36,51200.0,894.8455,17.69,11200.0,894.8473,17.72,13900,1.00:0.22:0.27,51200.0,12500,1.00:0.24,17.59,,,1.24,[],[],['Triacylglycerol (53:0)']
266,266,,0.85,12.27,880.8315,17.27 - 17.86,1,84000.0,880.8318,17.57,144000.0,880.8312,17.61,47400.0,880.8314,17.6,58800,1.00:0.33:0.41,144000.0,53100,1.00:0.37,17.59,,,1.24,[],[],['Triacylglycerol (52:0)']
267,267,,0.23,0.0,634.5392,9.98 - 10.53,1,4700.0,-0.0,-0.0,-0.0,634.5389,10.07,4160.0,634.5396,10.09,5160,-:1.00:1.24,-0.0,4660,-:1.00,10.08,,,1.24,[],[],['Diacylglycerol (36:4)']
268,268,,0.48,0.23,553.4579,14.08 - 20.24,1,22000000.0,553.4578,17.49,22900000.0,553.4579,17.47,18800000.0,553.4581,17.58,23300000,1.00:0.82:1.02,22900000.0,21100000,1.00:0.92,17.52,,,1.24,[],[],[]
269,269,,0.38,10.61,752.5361,7.01 - 7.43,1,3500.0,-0.0,-0.0,0.0,752.5362,7.1,4730.0,752.5359,7.12,5860,0:1.00:1.24,0.0,5290,00:01.0,7.11,,,1.24,[],[],['Phosphatidylglycerol (33:1)' 'Bismonoacylglycerolphosphate (33:1)']
270,270,,0.62,21.38,896.7671,16.16 - 16.70,1,29000.0,896.7688,16.49,66100.0,896.7668,16.35,8810.0,896.7656,16.37,10900,1.00:0.13:0.17,66100.0,9860,1.00:0.15,16.4,,,1.24,[],[],"['Triacylglycerol (54:6)' 'Sphingomyelin (d47:4)'
 'Ceramide phosphoethanolamine (d50:4)']"
271,271,,0.72,0.08,754.6178,8.18 - 8.81,1,10000.0,754.6169,8.36,10300.0,754.6185,8.37,9180.0,754.618,8.4,11300,1.00:0.89:1.09,10300.0,10200,1.00:0.99,8.38,,,1.23,['Hexosyl ceramide (d38:2)'],[],[]
272,272,,0.68,2.55,865.6441,19.84 - 20.18,1,3400.0,865.6442,20.05,4200.0,865.6443,20.01,2690.0,865.6438,19.9,3310,1.00:0.64:0.79,4200.0,3000,1.00:0.71,19.99,,,1.23,[],[],"['Phosphatidylcholine (41:6)' 'Phosphatidylethanolamine (44:6)'
 'Dihexosyl ceramide (d33:1)']"
273,273,,0.24,0.0,670.2416,6.04 - 6.39,1,8800.0,-0.0,-0.0,-0.0,670.2417,6.12,7870.0,670.2416,6.13,9680,-:1.00:1.23,-0.0,8780,-:1.00,6.13,,,1.23,[],[],[]
274,274,,0.68,0.32,884.7532,15.77 - 16.53,1,17000.0,884.7526,16.24,16200.0,884.7523,16.26,15300.0,884.7548,16.24,18800,1.00:0.95:1.16,16200.0,17100,1.00:1.05,16.25,,,1.23,['Phosphatidylcholine (O-44:2)'],[],[]
275,275,,0.7,1.0,814.6757,14.71 - 15.23,1,9500.0,814.6765,15.03,10300.0,814.676,15.05,8150.0,814.6746,15.14,10000,1.00:0.79:0.97,10300.0,9090,1.00:0.88,15.07,,,1.23,"['Phosphatidylcholine (O-39:2)' 'Phosphatidylethanolamine (O-42:2)'
 'Hexosyl ceramide (t41:1)']",[],['Phosphatidate (O-44:3)']
276,276,,0.21,0.0,266.2219,14.38 - 15.01,1,6300.0,-0.0,-0.0,-0.0,266.2217,14.96,5690.0,266.222,14.74,6970,-:1.00:1.22,-0.0,6330,-:1.00,14.85,,,1.22,[],[],[]
277,277,,0.33,0.0,702.2129,4.63 - 5.03,1,220000.0,-0.0,-0.0,-0.0,702.2134,4.72,197000.0,702.2124,4.75,241000,-:1.00:1.22,-0.0,219000,-:1.00,4.73,,,1.22,[],[],[]
278,278,,1.17,3.13,628.1946,3.83 - 4.27,1,300000.0,628.1946,3.95,248000.0,628.1947,3.92,292000.0,628.1946,3.96,357000,1.00:1.18:1.44,248000.0,324000,1.00:1.31,3.94,,,1.22,[],[],[]
279,279,,0.69,1.52,964.3366,15.13 - 15.35,1,7800.0,964.3367,15.18,6770.0,964.337,15.17,7550.0,964.3362,15.18,9210,1.00:1.12:1.36,6770.0,8380,1.00:1.24,15.18,,,1.22,[],[],[]
280,280,,0.83,0.76,366.3725,5.59 - 5.91,1,16000.0,366.3725,5.68,15000.0,366.3726,5.69,15100.0,366.3724,5.69,18400,1.00:1.00:1.23,15000.0,16800,1.00:1.12,5.68,,,1.22,[],[],[]
281,281,,0.79,6.16,518.514,8.97 - 10.81,1,22000.0,518.5137,9.27,16600.0,518.5138,9.25,22700.0,518.5144,9.28,27600,1.00:1.37:1.66,16600.0,25200,1.00:1.51,9.27,,,1.22,[],[],[]
282,282,,0.86,0.23,576.4655,6.34 - 9.28,1,52000.0,576.465,6.43,50600.0,576.4658,6.43,47500.0,576.4656,6.45,57700,1.00:0.94:1.14,50600.0,52600,1.00:1.04,6.44,,,1.21,[],[],['Diacylglycerol (32:5)']
283,283,,0.29,0.0,361.3258,4.50 - 4.85,1,29000.0,-0.0,-0.0,-0.0,361.3257,4.58,26100.0,361.3258,4.57,31700,-:1.00:1.21,-0.0,28900,-:1.00,4.58,,,1.21,[],[],[]
284,284,,0.67,0.12,499.9042,19.55 - 20.26,1,11000.0,499.9041,20.18,11200.0,499.9046,20.15,10300.0,499.9039,20.17,12500,1.00:0.92:1.12,11200.0,11400,1.00:1.02,20.17,,,1.21,[],[],[]
285,285,,0.72,0.27,542.4413,6.00 - 6.39,1,7800.0,542.4418,6.08,7580.0,542.441,6.08,7130.0,542.4412,6.09,8620,1.00:0.94:1.14,7580.0,7880,1.00:1.04,6.08,,,1.21,[],[],[]
286,286,,2.11,1.57,416.3727,3.92 - 4.62,1,8800000.0,416.3728,4.08,7950000.0,416.3729,4.05,8360000.0,416.3723,4.09,10100000,1.00:1.05:1.27,7950000.0,9240000,1.00:1.16,4.07,,,1.21,['Ceramide (t24:0)'],[],[]
287,287,,0.56,1.3,596.4882,7.43 - 8.68,1,6800.0,596.4866,7.66,5460.0,596.4888,7.67,6760.0,596.4893,7.7,8160,1.00:1.24:1.49,5460.0,7460,1.00:1.37,7.68,,,1.21,[],[],[]
288,288,,1.26,0.79,1128.3146,15.84 - 18.32,1,1500000.0,1128.3149,15.9,1430000.0,1128.314,15.92,1410000.0,1128.3149,15.9,1700000,1.00:0.98:1.19,1430000.0,1550000,1.00:1.08,15.91,,,1.21,[],[],[]
289,289,,0.63,3.67,922.8781,17.37 - 18.10,1,18000.0,922.8802,17.91,25200.0,922.8763,17.94,13100.0,922.8776,17.93,15700,1.00:0.52:0.62,25200.0,14400,1.00:0.57,17.93,,,1.2,[],[],['Triacylglycerol (55:0)']
290,290,,0.91,0.64,728.6577,16.03 - 16.58,1,27000.0,728.6581,16.11,25700.0,728.6575,16.09,25500.0,728.6575,16.11,30500,1.00:0.99:1.19,25700.0,28000,1.00:1.09,16.1,,,1.2,['Ceramide (t47:5)'],[],['Monoalkylmonoacylglycerol (O-44:6)']
